audio_id,speaker_id,protocol,split,role,embedding_path,embedding_dim,l2_norm,latency_ms
15725,exp_svm_spk_0001,SVM_CLOSED_SET,svm_closed_set_enrollment,SVM_EXPERIMENTAL,data/embeddings/svm_closed_set/svm_closed_set_enrollment/15725.npy,192,1.00000000,910.860
8372,exp_svm_spk_0001,SVM_CLOSED_SET,svm_closed_set_enrollment,SVM_EXPERIMENTAL,data/embeddings/svm_closed_set/svm_closed_set_enrollment/8372.npy,192,0.99999994,807.571
16570,exp_svm_spk_0001,SVM_CLOSED_SET,svm_closed_set_enrollment,SVM_EXPERIMENTAL,data/embeddings/svm_closed_set/svm_closed_set_enrollment/16570.npy,192,1.00000000,599.657
8072,exp_svm_spk_0001,SVM_CLOSED_SET,svm_closed_set_enrollment,SVM_EXPERIMENTAL,data/embeddings/svm_closed_set/svm_closed_set_enrollment/8072.npy,192,1.00000000,573.828
13384,exp_svm_spk_0001,SVM_CLOSED_SET,svm_closed_set_enrollment,SVM_EXPERIMENTAL,data/embeddings/svm_closed_set/svm_closed_set_enrollment/13384.npy,192,1.00000000,425.121
4723,exp_svm_spk_0002,SVM_CLOSED_SET,svm_closed_set_enrollment,SVM_EXPERIMENTAL,data/embeddings/svm_closed_set/svm_closed_set_enrollment/4723.npy,192,1.00000000,483.362
10666,exp_svm_spk_0002,SVM_CLOSED_SET,svm_closed_set_enrollment,SVM_EXPERIMENTAL,data/embeddings/svm_closed_set/svm_closed_set_enrollment/10666.npy,192,0.99999994,421.937
10924,exp_svm_spk_0002,SVM_CLOSED_SET,svm_closed_set_enrollment,SVM_EXPERIMENTAL,data/embeddings/svm_closed_set/svm_closed_set_enrollment/10924.npy,192,1.00000000,336.434
12352,exp_svm_spk_0002,SVM_CLOSED_SET,svm_closed_set_enrollment,SVM_EXPERIMENTAL,data/embeddings/svm_closed_set/svm_closed_set_enrollment/12352.npy,192,0.99999994,623.178
12715,exp_svm_spk_0002,SVM_CLOSED_SET,svm_closed_set_enrollment,SVM_EXPERIMENTAL,data/embeddings/svm_closed_set/svm_closed_set_enrollment/12715.npy,192,1.00000000,367.251
5666,exp_svm_spk_0003,SVM_CLOSED_SET,svm_closed_set_enrollment,SVM_EXPERIMENTAL,data/embeddings/svm_closed_set/svm_closed_set_enrollment/5666.npy,192,0.99999994,2258.442
12533,exp_svm_spk_0003,SVM_CLOSED_SET,svm_closed_set_enrollment,SVM_EXPERIMENTAL,data/embeddings/svm_closed_set/svm_closed_set_enrollment/12533.npy,192,0.99999994,618.097
4971,exp_svm_spk_0003,SVM_CLOSED_SET,svm_closed_set_enrollment,SVM_EXPERIMENTAL,data/embeddings/svm_closed_set/svm_closed_set_enrollment/4971.npy,192,0.99999994,519.233
16929,exp_svm_spk_0003,SVM_CLOSED_SET,svm_closed_set_enrollment,SVM_EXPERIMENTAL,data/embeddings/svm_closed_set/svm_closed_set_enrollment/16929.npy,192,0.99999994,718.289
8788,exp_svm_spk_0003,SVM_CLOSED_SET,svm_closed_set_enrollment,SVM_EXPERIMENTAL,data/embeddings/svm_closed_set/svm_closed_set_enrollment/8788.npy,192,1.00000000,1121.324
3701,exp_svm_spk_0004,SVM_CLOSED_SET,svm_closed_set_enrollment,SVM_EXPERIMENTAL,data/embeddings/svm_closed_set/svm_closed_set_enrollment/3701.npy,192,1.00000000,390.580
8751,exp_svm_spk_0004,SVM_CLOSED_SET,svm_closed_set_enrollment,SVM_EXPERIMENTAL,data/embeddings/svm_closed_set/svm_closed_set_enrollment/8751.npy,192,1.00000000,484.354
2140,exp_svm_spk_0004,SVM_CLOSED_SET,svm_closed_set_enrollment,SVM_EXPERIMENTAL,data/embeddings/svm_closed_set/svm_closed_set_enrollment/2140.npy,192,1.00000000,680.783
15294,exp_svm_spk_0004,SVM_CLOSED_SET,svm_closed_set_enrollment,SVM_EXPERIMENTAL,data/embeddings/svm_closed_set/svm_closed_set_enrollment/15294.npy,192,1.00000000,707.505
10293,exp_svm_spk_0004,SVM_CLOSED_SET,svm_closed_set_enrollment,SVM_EXPERIMENTAL,data/embeddings/svm_closed_set/svm_closed_set_enrollment/10293.npy,192,1.00000000,589.285
9736,exp_svm_spk_0005,SVM_CLOSED_SET,svm_closed_set_enrollment,SVM_EXPERIMENTAL,data/embeddings/svm_closed_set/svm_closed_set_enrollment/9736.npy,192,1.00000000,604.618
708,exp_svm_spk_0005,SVM_CLOSED_SET,svm_closed_set_enrollment,SVM_EXPERIMENTAL,data/embeddings/svm_closed_set/svm_closed_set_enrollment/708.npy,192,1.00000000,570.789
15897,exp_svm_spk_0005,SVM_CLOSED_SET,svm_closed_set_enrollment,SVM_EXPERIMENTAL,data/embeddings/svm_closed_set/svm_closed_set_enrollment/15897.npy,192,0.99999994,685.965
6132,exp_svm_spk_0005,SVM_CLOSED_SET,svm_closed_set_enrollment,SVM_EXPERIMENTAL,data/embeddings/svm_closed_set/svm_closed_set_enrollment/6132.npy,192,1.00000000,728.453
2693,exp_svm_spk_0005,SVM_CLOSED_SET,svm_closed_set_enrollment,SVM_EXPERIMENTAL,data/embeddings/svm_closed_set/svm_closed_set_enrollment/2693.npy,192,1.00000000,382.934
9425,exp_svm_spk_0006,SVM_CLOSED_SET,svm_closed_set_enrollment,SVM_EXPERIMENTAL,data/embeddings/svm_closed_set/svm_closed_set_enrollment/9425.npy,192,1.00000000,694.595
16840,exp_svm_spk_0006,SVM_CLOSED_SET,svm_closed_set_enrollment,SVM_EXPERIMENTAL,data/embeddings/svm_closed_set/svm_closed_set_enrollment/16840.npy,192,1.00000000,385.588
11608,exp_svm_spk_0006,SVM_CLOSED_SET,svm_closed_set_enrollment,SVM_EXPERIMENTAL,data/embeddings/svm_closed_set/svm_closed_set_enrollment/11608.npy,192,0.99999994,545.024
2095,exp_svm_spk_0006,SVM_CLOSED_SET,svm_closed_set_enrollment,SVM_EXPERIMENTAL,data/embeddings/svm_closed_set/svm_closed_set_enrollment/2095.npy,192,1.00000000,776.798
5636,exp_svm_spk_0006,SVM_CLOSED_SET,svm_closed_set_enrollment,SVM_EXPERIMENTAL,data/embeddings/svm_closed_set/svm_closed_set_enrollment/5636.npy,192,0.99999988,775.014
15625,exp_svm_spk_0007,SVM_CLOSED_SET,svm_closed_set_enrollment,SVM_EXPERIMENTAL,data/embeddings/svm_closed_set/svm_closed_set_enrollment/15625.npy,192,1.00000000,761.234
12108,exp_svm_spk_0007,SVM_CLOSED_SET,svm_closed_set_enrollment,SVM_EXPERIMENTAL,data/embeddings/svm_closed_set/svm_closed_set_enrollment/12108.npy,192,1.00000000,935.194
16161,exp_svm_spk_0007,SVM_CLOSED_SET,svm_closed_set_enrollment,SVM_EXPERIMENTAL,data/embeddings/svm_closed_set/svm_closed_set_enrollment/16161.npy,192,1.00000000,817.075
9725,exp_svm_spk_0007,SVM_CLOSED_SET,svm_closed_set_enrollment,SVM_EXPERIMENTAL,data/embeddings/svm_closed_set/svm_closed_set_enrollment/9725.npy,192,1.00000000,835.557
2520,exp_svm_spk_0007,SVM_CLOSED_SET,svm_closed_set_enrollment,SVM_EXPERIMENTAL,data/embeddings/svm_closed_set/svm_closed_set_enrollment/2520.npy,192,1.00000000,855.346
14930,exp_svm_spk_0008,SVM_CLOSED_SET,svm_closed_set_enrollment,SVM_EXPERIMENTAL,data/embeddings/svm_closed_set/svm_closed_set_enrollment/14930.npy,192,1.00000000,584.906
1914,exp_svm_spk_0008,SVM_CLOSED_SET,svm_closed_set_enrollment,SVM_EXPERIMENTAL,data/embeddings/svm_closed_set/svm_closed_set_enrollment/1914.npy,192,1.00000000,563.758
3149,exp_svm_spk_0008,SVM_CLOSED_SET,svm_closed_set_enrollment,SVM_EXPERIMENTAL,data/embeddings/svm_closed_set/svm_closed_set_enrollment/3149.npy,192,1.00000000,593.547
11305,exp_svm_spk_0008,SVM_CLOSED_SET,svm_closed_set_enrollment,SVM_EXPERIMENTAL,data/embeddings/svm_closed_set/svm_closed_set_enrollment/11305.npy,192,1.00000000,689.131
5290,exp_svm_spk_0008,SVM_CLOSED_SET,svm_closed_set_enrollment,SVM_EXPERIMENTAL,data/embeddings/svm_closed_set/svm_closed_set_enrollment/5290.npy,192,1.00000000,590.687
271,exp_svm_spk_0009,SVM_CLOSED_SET,svm_closed_set_enrollment,SVM_EXPERIMENTAL,data/embeddings/svm_closed_set/svm_closed_set_enrollment/271.npy,192,1.00000000,1029.034
3973,exp_svm_spk_0009,SVM_CLOSED_SET,svm_closed_set_enrollment,SVM_EXPERIMENTAL,data/embeddings/svm_closed_set/svm_closed_set_enrollment/3973.npy,192,1.00000000,2429.588
14593,exp_svm_spk_0009,SVM_CLOSED_SET,svm_closed_set_enrollment,SVM_EXPERIMENTAL,data/embeddings/svm_closed_set/svm_closed_set_enrollment/14593.npy,192,0.99999994,1375.061
2879,exp_svm_spk_0009,SVM_CLOSED_SET,svm_closed_set_enrollment,SVM_EXPERIMENTAL,data/embeddings/svm_closed_set/svm_closed_set_enrollment/2879.npy,192,1.00000000,1712.112
5113,exp_svm_spk_0009,SVM_CLOSED_SET,svm_closed_set_enrollment,SVM_EXPERIMENTAL,data/embeddings/svm_closed_set/svm_closed_set_enrollment/5113.npy,192,1.00000000,1507.626
4317,exp_svm_spk_0010,SVM_CLOSED_SET,svm_closed_set_enrollment,SVM_EXPERIMENTAL,data/embeddings/svm_closed_set/svm_closed_set_enrollment/4317.npy,192,0.99999994,900.203
4942,exp_svm_spk_0010,SVM_CLOSED_SET,svm_closed_set_enrollment,SVM_EXPERIMENTAL,data/embeddings/svm_closed_set/svm_closed_set_enrollment/4942.npy,192,1.00000000,1013.157
14868,exp_svm_spk_0010,SVM_CLOSED_SET,svm_closed_set_enrollment,SVM_EXPERIMENTAL,data/embeddings/svm_closed_set/svm_closed_set_enrollment/14868.npy,192,1.00000000,1111.948
7893,exp_svm_spk_0010,SVM_CLOSED_SET,svm_closed_set_enrollment,SVM_EXPERIMENTAL,data/embeddings/svm_closed_set/svm_closed_set_enrollment/7893.npy,192,0.99999994,1120.650
1548,exp_svm_spk_0010,SVM_CLOSED_SET,svm_closed_set_enrollment,SVM_EXPERIMENTAL,data/embeddings/svm_closed_set/svm_closed_set_enrollment/1548.npy,192,0.99999994,976.528
741,exp_svm_spk_0001,SVM_CLOSED_SET,svm_closed_set_train,SVM_EXPERIMENTAL,data/embeddings/svm_closed_set/svm_closed_set_train/741.npy,192,1.00000000,857.947
5015,exp_svm_spk_0001,SVM_CLOSED_SET,svm_closed_set_train,SVM_EXPERIMENTAL,data/embeddings/svm_closed_set/svm_closed_set_train/5015.npy,192,1.00000000,1277.327
12373,exp_svm_spk_0001,SVM_CLOSED_SET,svm_closed_set_train,SVM_EXPERIMENTAL,data/embeddings/svm_closed_set/svm_closed_set_train/12373.npy,192,0.99999994,650.550
8089,exp_svm_spk_0001,SVM_CLOSED_SET,svm_closed_set_train,SVM_EXPERIMENTAL,data/embeddings/svm_closed_set/svm_closed_set_train/8089.npy,192,1.00000000,562.156
15812,exp_svm_spk_0001,SVM_CLOSED_SET,svm_closed_set_train,SVM_EXPERIMENTAL,data/embeddings/svm_closed_set/svm_closed_set_train/15812.npy,192,1.00000000,803.872
8729,exp_svm_spk_0001,SVM_CLOSED_SET,svm_closed_set_train,SVM_EXPERIMENTAL,data/embeddings/svm_closed_set/svm_closed_set_train/8729.npy,192,0.99999994,629.294
15545,exp_svm_spk_0001,SVM_CLOSED_SET,svm_closed_set_train,SVM_EXPERIMENTAL,data/embeddings/svm_closed_set/svm_closed_set_train/15545.npy,192,1.00000000,600.258
16991,exp_svm_spk_0001,SVM_CLOSED_SET,svm_closed_set_train,SVM_EXPERIMENTAL,data/embeddings/svm_closed_set/svm_closed_set_train/16991.npy,192,1.00000000,1187.160
10238,exp_svm_spk_0001,SVM_CLOSED_SET,svm_closed_set_train,SVM_EXPERIMENTAL,data/embeddings/svm_closed_set/svm_closed_set_train/10238.npy,192,1.00000000,1063.007
9215,exp_svm_spk_0001,SVM_CLOSED_SET,svm_closed_set_train,SVM_EXPERIMENTAL,data/embeddings/svm_closed_set/svm_closed_set_train/9215.npy,192,0.99999988,865.248
5476,exp_svm_spk_0002,SVM_CLOSED_SET,svm_closed_set_train,SVM_EXPERIMENTAL,data/embeddings/svm_closed_set/svm_closed_set_train/5476.npy,192,1.00000000,544.774
7345,exp_svm_spk_0002,SVM_CLOSED_SET,svm_closed_set_train,SVM_EXPERIMENTAL,data/embeddings/svm_closed_set/svm_closed_set_train/7345.npy,192,1.00000000,932.605
6483,exp_svm_spk_0002,SVM_CLOSED_SET,svm_closed_set_train,SVM_EXPERIMENTAL,data/embeddings/svm_closed_set/svm_closed_set_train/6483.npy,192,1.00000000,638.009
11596,exp_svm_spk_0002,SVM_CLOSED_SET,svm_closed_set_train,SVM_EXPERIMENTAL,data/embeddings/svm_closed_set/svm_closed_set_train/11596.npy,192,1.00000000,1385.777
12593,exp_svm_spk_0002,SVM_CLOSED_SET,svm_closed_set_train,SVM_EXPERIMENTAL,data/embeddings/svm_closed_set/svm_closed_set_train/12593.npy,192,1.00000000,1006.905
12956,exp_svm_spk_0002,SVM_CLOSED_SET,svm_closed_set_train,SVM_EXPERIMENTAL,data/embeddings/svm_closed_set/svm_closed_set_train/12956.npy,192,1.00000000,873.875
11621,exp_svm_spk_0002,SVM_CLOSED_SET,svm_closed_set_train,SVM_EXPERIMENTAL,data/embeddings/svm_closed_set/svm_closed_set_train/11621.npy,192,1.00000000,476.658
13231,exp_svm_spk_0002,SVM_CLOSED_SET,svm_closed_set_train,SVM_EXPERIMENTAL,data/embeddings/svm_closed_set/svm_closed_set_train/13231.npy,192,0.99999994,451.821
12891,exp_svm_spk_0002,SVM_CLOSED_SET,svm_closed_set_train,SVM_EXPERIMENTAL,data/embeddings/svm_closed_set/svm_closed_set_train/12891.npy,192,0.99999988,623.943
3602,exp_svm_spk_0002,SVM_CLOSED_SET,svm_closed_set_train,SVM_EXPERIMENTAL,data/embeddings/svm_closed_set/svm_closed_set_train/3602.npy,192,1.00000000,558.480
7804,exp_svm_spk_0003,SVM_CLOSED_SET,svm_closed_set_train,SVM_EXPERIMENTAL,data/embeddings/svm_closed_set/svm_closed_set_train/7804.npy,192,1.00000000,1009.100
6675,exp_svm_spk_0003,SVM_CLOSED_SET,svm_closed_set_train,SVM_EXPERIMENTAL,data/embeddings/svm_closed_set/svm_closed_set_train/6675.npy,192,0.99999994,809.788
10301,exp_svm_spk_0003,SVM_CLOSED_SET,svm_closed_set_train,SVM_EXPERIMENTAL,data/embeddings/svm_closed_set/svm_closed_set_train/10301.npy,192,1.00000000,684.393
13185,exp_svm_spk_0003,SVM_CLOSED_SET,svm_closed_set_train,SVM_EXPERIMENTAL,data/embeddings/svm_closed_set/svm_closed_set_train/13185.npy,192,1.00000000,1035.055
12872,exp_svm_spk_0003,SVM_CLOSED_SET,svm_closed_set_train,SVM_EXPERIMENTAL,data/embeddings/svm_closed_set/svm_closed_set_train/12872.npy,192,0.99999994,858.498
3123,exp_svm_spk_0003,SVM_CLOSED_SET,svm_closed_set_train,SVM_EXPERIMENTAL,data/embeddings/svm_closed_set/svm_closed_set_train/3123.npy,192,0.99999994,556.411
1678,exp_svm_spk_0003,SVM_CLOSED_SET,svm_closed_set_train,SVM_EXPERIMENTAL,data/embeddings/svm_closed_set/svm_closed_set_train/1678.npy,192,1.00000000,1143.601
2932,exp_svm_spk_0003,SVM_CLOSED_SET,svm_closed_set_train,SVM_EXPERIMENTAL,data/embeddings/svm_closed_set/svm_closed_set_train/2932.npy,192,0.99999994,594.393
9593,exp_svm_spk_0003,SVM_CLOSED_SET,svm_closed_set_train,SVM_EXPERIMENTAL,data/embeddings/svm_closed_set/svm_closed_set_train/9593.npy,192,1.00000000,945.243
9816,exp_svm_spk_0003,SVM_CLOSED_SET,svm_closed_set_train,SVM_EXPERIMENTAL,data/embeddings/svm_closed_set/svm_closed_set_train/9816.npy,192,0.99999994,952.093
562,exp_svm_spk_0004,SVM_CLOSED_SET,svm_closed_set_train,SVM_EXPERIMENTAL,data/embeddings/svm_closed_set/svm_closed_set_train/562.npy,192,0.99999994,703.279
11876,exp_svm_spk_0004,SVM_CLOSED_SET,svm_closed_set_train,SVM_EXPERIMENTAL,data/embeddings/svm_closed_set/svm_closed_set_train/11876.npy,192,1.00000012,773.092
616,exp_svm_spk_0004,SVM_CLOSED_SET,svm_closed_set_train,SVM_EXPERIMENTAL,data/embeddings/svm_closed_set/svm_closed_set_train/616.npy,192,1.00000000,831.751
12119,exp_svm_spk_0004,SVM_CLOSED_SET,svm_closed_set_train,SVM_EXPERIMENTAL,data/embeddings/svm_closed_set/svm_closed_set_train/12119.npy,192,0.99999994,763.151
12768,exp_svm_spk_0004,SVM_CLOSED_SET,svm_closed_set_train,SVM_EXPERIMENTAL,data/embeddings/svm_closed_set/svm_closed_set_train/12768.npy,192,1.00000000,869.804
8697,exp_svm_spk_0004,SVM_CLOSED_SET,svm_closed_set_train,SVM_EXPERIMENTAL,data/embeddings/svm_closed_set/svm_closed_set_train/8697.npy,192,0.99999994,1121.421
16885,exp_svm_spk_0004,SVM_CLOSED_SET,svm_closed_set_train,SVM_EXPERIMENTAL,data/embeddings/svm_closed_set/svm_closed_set_train/16885.npy,192,1.00000000,1333.361
13583,exp_svm_spk_0004,SVM_CLOSED_SET,svm_closed_set_train,SVM_EXPERIMENTAL,data/embeddings/svm_closed_set/svm_closed_set_train/13583.npy,192,1.00000000,638.062
8808,exp_svm_spk_0004,SVM_CLOSED_SET,svm_closed_set_train,SVM_EXPERIMENTAL,data/embeddings/svm_closed_set/svm_closed_set_train/8808.npy,192,1.00000000,767.436
9614,exp_svm_spk_0004,SVM_CLOSED_SET,svm_closed_set_train,SVM_EXPERIMENTAL,data/embeddings/svm_closed_set/svm_closed_set_train/9614.npy,192,1.00000000,581.755
8522,exp_svm_spk_0005,SVM_CLOSED_SET,svm_closed_set_train,SVM_EXPERIMENTAL,data/embeddings/svm_closed_set/svm_closed_set_train/8522.npy,192,1.00000000,461.657
511,exp_svm_spk_0005,SVM_CLOSED_SET,svm_closed_set_train,SVM_EXPERIMENTAL,data/embeddings/svm_closed_set/svm_closed_set_train/511.npy,192,1.00000000,277.710
15349,exp_svm_spk_0005,SVM_CLOSED_SET,svm_closed_set_train,SVM_EXPERIMENTAL,data/embeddings/svm_closed_set/svm_closed_set_train/15349.npy,192,1.00000000,596.095
921,exp_svm_spk_0005,SVM_CLOSED_SET,svm_closed_set_train,SVM_EXPERIMENTAL,data/embeddings/svm_closed_set/svm_closed_set_train/921.npy,192,1.00000000,613.428
1687,exp_svm_spk_0005,SVM_CLOSED_SET,svm_closed_set_train,SVM_EXPERIMENTAL,data/embeddings/svm_closed_set/svm_closed_set_train/1687.npy,192,0.99999994,390.913
6723,exp_svm_spk_0005,SVM_CLOSED_SET,svm_closed_set_train,SVM_EXPERIMENTAL,data/embeddings/svm_closed_set/svm_closed_set_train/6723.npy,192,0.99999994,467.889
2668,exp_svm_spk_0005,SVM_CLOSED_SET,svm_closed_set_train,SVM_EXPERIMENTAL,data/embeddings/svm_closed_set/svm_closed_set_train/2668.npy,192,1.00000000,621.658
8594,exp_svm_spk_0005,SVM_CLOSED_SET,svm_closed_set_train,SVM_EXPERIMENTAL,data/embeddings/svm_closed_set/svm_closed_set_train/8594.npy,192,1.00000000,841.682
5108,exp_svm_spk_0005,SVM_CLOSED_SET,svm_closed_set_train,SVM_EXPERIMENTAL,data/embeddings/svm_closed_set/svm_closed_set_train/5108.npy,192,1.00000000,546.369
7424,exp_svm_spk_0005,SVM_CLOSED_SET,svm_closed_set_train,SVM_EXPERIMENTAL,data/embeddings/svm_closed_set/svm_closed_set_train/7424.npy,192,1.00000000,427.232
6925,exp_svm_spk_0006,SVM_CLOSED_SET,svm_closed_set_train,SVM_EXPERIMENTAL,data/embeddings/svm_closed_set/svm_closed_set_train/6925.npy,192,1.00000000,696.077
2665,exp_svm_spk_0006,SVM_CLOSED_SET,svm_closed_set_train,SVM_EXPERIMENTAL,data/embeddings/svm_closed_set/svm_closed_set_train/2665.npy,192,0.99999994,669.741
1380,exp_svm_spk_0006,SVM_CLOSED_SET,svm_closed_set_train,SVM_EXPERIMENTAL,data/embeddings/svm_closed_set/svm_closed_set_train/1380.npy,192,0.99999994,746.628
6158,exp_svm_spk_0006,SVM_CLOSED_SET,svm_closed_set_train,SVM_EXPERIMENTAL,data/embeddings/svm_closed_set/svm_closed_set_train/6158.npy,192,0.99999994,545.690
14989,exp_svm_spk_0006,SVM_CLOSED_SET,svm_closed_set_train,SVM_EXPERIMENTAL,data/embeddings/svm_closed_set/svm_closed_set_train/14989.npy,192,1.00000000,713.448
14755,exp_svm_spk_0006,SVM_CLOSED_SET,svm_closed_set_train,SVM_EXPERIMENTAL,data/embeddings/svm_closed_set/svm_closed_set_train/14755.npy,192,1.00000000,509.122
4012,exp_svm_spk_0006,SVM_CLOSED_SET,svm_closed_set_train,SVM_EXPERIMENTAL,data/embeddings/svm_closed_set/svm_closed_set_train/4012.npy,192,1.00000000,476.899
5755,exp_svm_spk_0006,SVM_CLOSED_SET,svm_closed_set_train,SVM_EXPERIMENTAL,data/embeddings/svm_closed_set/svm_closed_set_train/5755.npy,192,0.99999994,452.767
851,exp_svm_spk_0006,SVM_CLOSED_SET,svm_closed_set_train,SVM_EXPERIMENTAL,data/embeddings/svm_closed_set/svm_closed_set_train/851.npy,192,1.00000000,543.105
1223,exp_svm_spk_0006,SVM_CLOSED_SET,svm_closed_set_train,SVM_EXPERIMENTAL,data/embeddings/svm_closed_set/svm_closed_set_train/1223.npy,192,1.00000000,562.981
12923,exp_svm_spk_0007,SVM_CLOSED_SET,svm_closed_set_train,SVM_EXPERIMENTAL,data/embeddings/svm_closed_set/svm_closed_set_train/12923.npy,192,1.00000000,1108.368
9299,exp_svm_spk_0007,SVM_CLOSED_SET,svm_closed_set_train,SVM_EXPERIMENTAL,data/embeddings/svm_closed_set/svm_closed_set_train/9299.npy,192,1.00000000,1388.174
4421,exp_svm_spk_0007,SVM_CLOSED_SET,svm_closed_set_train,SVM_EXPERIMENTAL,data/embeddings/svm_closed_set/svm_closed_set_train/4421.npy,192,1.00000000,598.022
15836,exp_svm_spk_0007,SVM_CLOSED_SET,svm_closed_set_train,SVM_EXPERIMENTAL,data/embeddings/svm_closed_set/svm_closed_set_train/15836.npy,192,1.00000000,881.872
15065,exp_svm_spk_0007,SVM_CLOSED_SET,svm_closed_set_train,SVM_EXPERIMENTAL,data/embeddings/svm_closed_set/svm_closed_set_train/15065.npy,192,1.00000000,1100.644
13756,exp_svm_spk_0007,SVM_CLOSED_SET,svm_closed_set_train,SVM_EXPERIMENTAL,data/embeddings/svm_closed_set/svm_closed_set_train/13756.npy,192,1.00000000,675.302
13914,exp_svm_spk_0007,SVM_CLOSED_SET,svm_closed_set_train,SVM_EXPERIMENTAL,data/embeddings/svm_closed_set/svm_closed_set_train/13914.npy,192,1.00000000,1165.278
6655,exp_svm_spk_0007,SVM_CLOSED_SET,svm_closed_set_train,SVM_EXPERIMENTAL,data/embeddings/svm_closed_set/svm_closed_set_train/6655.npy,192,0.99999994,767.274
6673,exp_svm_spk_0007,SVM_CLOSED_SET,svm_closed_set_train,SVM_EXPERIMENTAL,data/embeddings/svm_closed_set/svm_closed_set_train/6673.npy,192,0.99999994,604.645
13836,exp_svm_spk_0007,SVM_CLOSED_SET,svm_closed_set_train,SVM_EXPERIMENTAL,data/embeddings/svm_closed_set/svm_closed_set_train/13836.npy,192,1.00000000,703.453
1416,exp_svm_spk_0008,SVM_CLOSED_SET,svm_closed_set_train,SVM_EXPERIMENTAL,data/embeddings/svm_closed_set/svm_closed_set_train/1416.npy,192,1.00000000,350.369
15247,exp_svm_spk_0008,SVM_CLOSED_SET,svm_closed_set_train,SVM_EXPERIMENTAL,data/embeddings/svm_closed_set/svm_closed_set_train/15247.npy,192,1.00000000,443.895
10648,exp_svm_spk_0008,SVM_CLOSED_SET,svm_closed_set_train,SVM_EXPERIMENTAL,data/embeddings/svm_closed_set/svm_closed_set_train/10648.npy,192,1.00000000,480.689
9383,exp_svm_spk_0008,SVM_CLOSED_SET,svm_closed_set_train,SVM_EXPERIMENTAL,data/embeddings/svm_closed_set/svm_closed_set_train/9383.npy,192,1.00000000,701.126
15910,exp_svm_spk_0008,SVM_CLOSED_SET,svm_closed_set_train,SVM_EXPERIMENTAL,data/embeddings/svm_closed_set/svm_closed_set_train/15910.npy,192,1.00000000,673.524
16788,exp_svm_spk_0008,SVM_CLOSED_SET,svm_closed_set_train,SVM_EXPERIMENTAL,data/embeddings/svm_closed_set/svm_closed_set_train/16788.npy,192,1.00000000,420.364
3970,exp_svm_spk_0008,SVM_CLOSED_SET,svm_closed_set_train,SVM_EXPERIMENTAL,data/embeddings/svm_closed_set/svm_closed_set_train/3970.npy,192,1.00000000,535.255
13978,exp_svm_spk_0008,SVM_CLOSED_SET,svm_closed_set_train,SVM_EXPERIMENTAL,data/embeddings/svm_closed_set/svm_closed_set_train/13978.npy,192,1.00000000,573.567
4900,exp_svm_spk_0008,SVM_CLOSED_SET,svm_closed_set_train,SVM_EXPERIMENTAL,data/embeddings/svm_closed_set/svm_closed_set_train/4900.npy,192,1.00000000,379.219
15015,exp_svm_spk_0008,SVM_CLOSED_SET,svm_closed_set_train,SVM_EXPERIMENTAL,data/embeddings/svm_closed_set/svm_closed_set_train/15015.npy,192,1.00000000,690.029
5436,exp_svm_spk_0009,SVM_CLOSED_SET,svm_closed_set_train,SVM_EXPERIMENTAL,data/embeddings/svm_closed_set/svm_closed_set_train/5436.npy,192,0.99999994,1088.487
14721,exp_svm_spk_0009,SVM_CLOSED_SET,svm_closed_set_train,SVM_EXPERIMENTAL,data/embeddings/svm_closed_set/svm_closed_set_train/14721.npy,192,1.00000000,771.016
6548,exp_svm_spk_0009,SVM_CLOSED_SET,svm_closed_set_train,SVM_EXPERIMENTAL,data/embeddings/svm_closed_set/svm_closed_set_train/6548.npy,192,1.00000000,1124.576
5154,exp_svm_spk_0009,SVM_CLOSED_SET,svm_closed_set_train,SVM_EXPERIMENTAL,data/embeddings/svm_closed_set/svm_closed_set_train/5154.npy,192,1.00000000,1474.529
11333,exp_svm_spk_0009,SVM_CLOSED_SET,svm_closed_set_train,SVM_EXPERIMENTAL,data/embeddings/svm_closed_set/svm_closed_set_train/11333.npy,192,1.00000000,1320.945
10488,exp_svm_spk_0009,SVM_CLOSED_SET,svm_closed_set_train,SVM_EXPERIMENTAL,data/embeddings/svm_closed_set/svm_closed_set_train/10488.npy,192,1.00000000,746.484
16396,exp_svm_spk_0009,SVM_CLOSED_SET,svm_closed_set_train,SVM_EXPERIMENTAL,data/embeddings/svm_closed_set/svm_closed_set_train/16396.npy,192,1.00000000,716.795
3285,exp_svm_spk_0009,SVM_CLOSED_SET,svm_closed_set_train,SVM_EXPERIMENTAL,data/embeddings/svm_closed_set/svm_closed_set_train/3285.npy,192,1.00000000,1300.797
30,exp_svm_spk_0009,SVM_CLOSED_SET,svm_closed_set_train,SVM_EXPERIMENTAL,data/embeddings/svm_closed_set/svm_closed_set_train/30.npy,192,1.00000000,1966.833
13938,exp_svm_spk_0009,SVM_CLOSED_SET,svm_closed_set_train,SVM_EXPERIMENTAL,data/embeddings/svm_closed_set/svm_closed_set_train/13938.npy,192,1.00000000,1177.208
2303,exp_svm_spk_0010,SVM_CLOSED_SET,svm_closed_set_train,SVM_EXPERIMENTAL,data/embeddings/svm_closed_set/svm_closed_set_train/2303.npy,192,0.99999988,438.884
15581,exp_svm_spk_0010,SVM_CLOSED_SET,svm_closed_set_train,SVM_EXPERIMENTAL,data/embeddings/svm_closed_set/svm_closed_set_train/15581.npy,192,0.99999994,451.325
6558,exp_svm_spk_0010,SVM_CLOSED_SET,svm_closed_set_train,SVM_EXPERIMENTAL,data/embeddings/svm_closed_set/svm_closed_set_train/6558.npy,192,1.00000012,722.579
2834,exp_svm_spk_0010,SVM_CLOSED_SET,svm_closed_set_train,SVM_EXPERIMENTAL,data/embeddings/svm_closed_set/svm_closed_set_train/2834.npy,192,0.99999994,818.873
9355,exp_svm_spk_0010,SVM_CLOSED_SET,svm_closed_set_train,SVM_EXPERIMENTAL,data/embeddings/svm_closed_set/svm_closed_set_train/9355.npy,192,1.00000000,482.577
4497,exp_svm_spk_0010,SVM_CLOSED_SET,svm_closed_set_train,SVM_EXPERIMENTAL,data/embeddings/svm_closed_set/svm_closed_set_train/4497.npy,192,1.00000000,445.478
13859,exp_svm_spk_0010,SVM_CLOSED_SET,svm_closed_set_train,SVM_EXPERIMENTAL,data/embeddings/svm_closed_set/svm_closed_set_train/13859.npy,192,0.99999988,542.479
10290,exp_svm_spk_0010,SVM_CLOSED_SET,svm_closed_set_train,SVM_EXPERIMENTAL,data/embeddings/svm_closed_set/svm_closed_set_train/10290.npy,192,1.00000000,327.941
1222,exp_svm_spk_0010,SVM_CLOSED_SET,svm_closed_set_train,SVM_EXPERIMENTAL,data/embeddings/svm_closed_set/svm_closed_set_train/1222.npy,192,1.00000000,421.808
6990,exp_svm_spk_0010,SVM_CLOSED_SET,svm_closed_set_train,SVM_EXPERIMENTAL,data/embeddings/svm_closed_set/svm_closed_set_train/6990.npy,192,0.99999994,381.733
4481,exp_svm_spk_0001,SVM_CLOSED_SET,svm_closed_set_validation,SVM_EXPERIMENTAL,data/embeddings/svm_closed_set/svm_closed_set_validation/4481.npy,192,0.99999994,632.401
9123,exp_svm_spk_0001,SVM_CLOSED_SET,svm_closed_set_validation,SVM_EXPERIMENTAL,data/embeddings/svm_closed_set/svm_closed_set_validation/9123.npy,192,1.00000000,574.903
13499,exp_svm_spk_0001,SVM_CLOSED_SET,svm_closed_set_validation,SVM_EXPERIMENTAL,data/embeddings/svm_closed_set/svm_closed_set_validation/13499.npy,192,0.99999994,394.041
14775,exp_svm_spk_0001,SVM_CLOSED_SET,svm_closed_set_validation,SVM_EXPERIMENTAL,data/embeddings/svm_closed_set/svm_closed_set_validation/14775.npy,192,0.99999994,471.835
7675,exp_svm_spk_0001,SVM_CLOSED_SET,svm_closed_set_validation,SVM_EXPERIMENTAL,data/embeddings/svm_closed_set/svm_closed_set_validation/7675.npy,192,1.00000000,783.183
8329,exp_svm_spk_0002,SVM_CLOSED_SET,svm_closed_set_validation,SVM_EXPERIMENTAL,data/embeddings/svm_closed_set/svm_closed_set_validation/8329.npy,192,0.99999994,749.812
4582,exp_svm_spk_0002,SVM_CLOSED_SET,svm_closed_set_validation,SVM_EXPERIMENTAL,data/embeddings/svm_closed_set/svm_closed_set_validation/4582.npy,192,1.00000000,576.642
15632,exp_svm_spk_0002,SVM_CLOSED_SET,svm_closed_set_validation,SVM_EXPERIMENTAL,data/embeddings/svm_closed_set/svm_closed_set_validation/15632.npy,192,1.00000012,629.692
15193,exp_svm_spk_0002,SVM_CLOSED_SET,svm_closed_set_validation,SVM_EXPERIMENTAL,data/embeddings/svm_closed_set/svm_closed_set_validation/15193.npy,192,0.99999994,541.050
13271,exp_svm_spk_0002,SVM_CLOSED_SET,svm_closed_set_validation,SVM_EXPERIMENTAL,data/embeddings/svm_closed_set/svm_closed_set_validation/13271.npy,192,1.00000000,535.076
230,exp_svm_spk_0003,SVM_CLOSED_SET,svm_closed_set_validation,SVM_EXPERIMENTAL,data/embeddings/svm_closed_set/svm_closed_set_validation/230.npy,192,1.00000000,638.979
415,exp_svm_spk_0003,SVM_CLOSED_SET,svm_closed_set_validation,SVM_EXPERIMENTAL,data/embeddings/svm_closed_set/svm_closed_set_validation/415.npy,192,0.99999994,932.195
1224,exp_svm_spk_0003,SVM_CLOSED_SET,svm_closed_set_validation,SVM_EXPERIMENTAL,data/embeddings/svm_closed_set/svm_closed_set_validation/1224.npy,192,1.00000000,637.825
13875,exp_svm_spk_0003,SVM_CLOSED_SET,svm_closed_set_validation,SVM_EXPERIMENTAL,data/embeddings/svm_closed_set/svm_closed_set_validation/13875.npy,192,0.99999994,550.391
12247,exp_svm_spk_0003,SVM_CLOSED_SET,svm_closed_set_validation,SVM_EXPERIMENTAL,data/embeddings/svm_closed_set/svm_closed_set_validation/12247.npy,192,0.99999994,931.923
12980,exp_svm_spk_0004,SVM_CLOSED_SET,svm_closed_set_validation,SVM_EXPERIMENTAL,data/embeddings/svm_closed_set/svm_closed_set_validation/12980.npy,192,0.99999994,677.522
13645,exp_svm_spk_0004,SVM_CLOSED_SET,svm_closed_set_validation,SVM_EXPERIMENTAL,data/embeddings/svm_closed_set/svm_closed_set_validation/13645.npy,192,1.00000000,910.409
8384,exp_svm_spk_0004,SVM_CLOSED_SET,svm_closed_set_validation,SVM_EXPERIMENTAL,data/embeddings/svm_closed_set/svm_closed_set_validation/8384.npy,192,1.00000000,561.264
15374,exp_svm_spk_0004,SVM_CLOSED_SET,svm_closed_set_validation,SVM_EXPERIMENTAL,data/embeddings/svm_closed_set/svm_closed_set_validation/15374.npy,192,0.99999994,427.033
16448,exp_svm_spk_0004,SVM_CLOSED_SET,svm_closed_set_validation,SVM_EXPERIMENTAL,data/embeddings/svm_closed_set/svm_closed_set_validation/16448.npy,192,0.99999994,748.712
10941,exp_svm_spk_0005,SVM_CLOSED_SET,svm_closed_set_validation,SVM_EXPERIMENTAL,data/embeddings/svm_closed_set/svm_closed_set_validation/10941.npy,192,0.99999994,457.410
896,exp_svm_spk_0005,SVM_CLOSED_SET,svm_closed_set_validation,SVM_EXPERIMENTAL,data/embeddings/svm_closed_set/svm_closed_set_validation/896.npy,192,0.99999994,550.374
3166,exp_svm_spk_0005,SVM_CLOSED_SET,svm_closed_set_validation,SVM_EXPERIMENTAL,data/embeddings/svm_closed_set/svm_closed_set_validation/3166.npy,192,1.00000000,970.314
5793,exp_svm_spk_0005,SVM_CLOSED_SET,svm_closed_set_validation,SVM_EXPERIMENTAL,data/embeddings/svm_closed_set/svm_closed_set_validation/5793.npy,192,0.99999994,834.563
3840,exp_svm_spk_0005,SVM_CLOSED_SET,svm_closed_set_validation,SVM_EXPERIMENTAL,data/embeddings/svm_closed_set/svm_closed_set_validation/3840.npy,192,0.99999994,390.774
5854,exp_svm_spk_0006,SVM_CLOSED_SET,svm_closed_set_validation,SVM_EXPERIMENTAL,data/embeddings/svm_closed_set/svm_closed_set_validation/5854.npy,192,1.00000000,509.102
7016,exp_svm_spk_0006,SVM_CLOSED_SET,svm_closed_set_validation,SVM_EXPERIMENTAL,data/embeddings/svm_closed_set/svm_closed_set_validation/7016.npy,192,0.99999994,749.775
5621,exp_svm_spk_0006,SVM_CLOSED_SET,svm_closed_set_validation,SVM_EXPERIMENTAL,data/embeddings/svm_closed_set/svm_closed_set_validation/5621.npy,192,1.00000012,355.532
10746,exp_svm_spk_0006,SVM_CLOSED_SET,svm_closed_set_validation,SVM_EXPERIMENTAL,data/embeddings/svm_closed_set/svm_closed_set_validation/10746.npy,192,1.00000000,595.008
536,exp_svm_spk_0006,SVM_CLOSED_SET,svm_closed_set_validation,SVM_EXPERIMENTAL,data/embeddings/svm_closed_set/svm_closed_set_validation/536.npy,192,1.00000000,509.595
13720,exp_svm_spk_0007,SVM_CLOSED_SET,svm_closed_set_validation,SVM_EXPERIMENTAL,data/embeddings/svm_closed_set/svm_closed_set_validation/13720.npy,192,1.00000000,840.006
12464,exp_svm_spk_0007,SVM_CLOSED_SET,svm_closed_set_validation,SVM_EXPERIMENTAL,data/embeddings/svm_closed_set/svm_closed_set_validation/12464.npy,192,0.99999994,799.217
6875,exp_svm_spk_0007,SVM_CLOSED_SET,svm_closed_set_validation,SVM_EXPERIMENTAL,data/embeddings/svm_closed_set/svm_closed_set_validation/6875.npy,192,1.00000000,934.145
16848,exp_svm_spk_0007,SVM_CLOSED_SET,svm_closed_set_validation,SVM_EXPERIMENTAL,data/embeddings/svm_closed_set/svm_closed_set_validation/16848.npy,192,1.00000000,886.932
5937,exp_svm_spk_0007,SVM_CLOSED_SET,svm_closed_set_validation,SVM_EXPERIMENTAL,data/embeddings/svm_closed_set/svm_closed_set_validation/5937.npy,192,1.00000000,666.236
638,exp_svm_spk_0008,SVM_CLOSED_SET,svm_closed_set_validation,SVM_EXPERIMENTAL,data/embeddings/svm_closed_set/svm_closed_set_validation/638.npy,192,1.00000000,732.341
10364,exp_svm_spk_0008,SVM_CLOSED_SET,svm_closed_set_validation,SVM_EXPERIMENTAL,data/embeddings/svm_closed_set/svm_closed_set_validation/10364.npy,192,1.00000000,294.481
12451,exp_svm_spk_0008,SVM_CLOSED_SET,svm_closed_set_validation,SVM_EXPERIMENTAL,data/embeddings/svm_closed_set/svm_closed_set_validation/12451.npy,192,1.00000000,490.692
2600,exp_svm_spk_0008,SVM_CLOSED_SET,svm_closed_set_validation,SVM_EXPERIMENTAL,data/embeddings/svm_closed_set/svm_closed_set_validation/2600.npy,192,1.00000000,441.427
3082,exp_svm_spk_0008,SVM_CLOSED_SET,svm_closed_set_validation,SVM_EXPERIMENTAL,data/embeddings/svm_closed_set/svm_closed_set_validation/3082.npy,192,1.00000000,505.964
8258,exp_svm_spk_0009,SVM_CLOSED_SET,svm_closed_set_validation,SVM_EXPERIMENTAL,data/embeddings/svm_closed_set/svm_closed_set_validation/8258.npy,192,1.00000000,1100.682
12441,exp_svm_spk_0009,SVM_CLOSED_SET,svm_closed_set_validation,SVM_EXPERIMENTAL,data/embeddings/svm_closed_set/svm_closed_set_validation/12441.npy,192,1.00000000,1508.562
11721,exp_svm_spk_0009,SVM_CLOSED_SET,svm_closed_set_validation,SVM_EXPERIMENTAL,data/embeddings/svm_closed_set/svm_closed_set_validation/11721.npy,192,1.00000000,1573.312
9834,exp_svm_spk_0009,SVM_CLOSED_SET,svm_closed_set_validation,SVM_EXPERIMENTAL,data/embeddings/svm_closed_set/svm_closed_set_validation/9834.npy,192,1.00000000,1480.664
318,exp_svm_spk_0009,SVM_CLOSED_SET,svm_closed_set_validation,SVM_EXPERIMENTAL,data/embeddings/svm_closed_set/svm_closed_set_validation/318.npy,192,0.99999994,1212.487
15541,exp_svm_spk_0010,SVM_CLOSED_SET,svm_closed_set_validation,SVM_EXPERIMENTAL,data/embeddings/svm_closed_set/svm_closed_set_validation/15541.npy,192,1.00000012,690.838
16769,exp_svm_spk_0010,SVM_CLOSED_SET,svm_closed_set_validation,SVM_EXPERIMENTAL,data/embeddings/svm_closed_set/svm_closed_set_validation/16769.npy,192,1.00000000,568.420
14384,exp_svm_spk_0010,SVM_CLOSED_SET,svm_closed_set_validation,SVM_EXPERIMENTAL,data/embeddings/svm_closed_set/svm_closed_set_validation/14384.npy,192,0.99999994,751.699
9876,exp_svm_spk_0010,SVM_CLOSED_SET,svm_closed_set_validation,SVM_EXPERIMENTAL,data/embeddings/svm_closed_set/svm_closed_set_validation/9876.npy,192,0.99999994,652.955
6827,exp_svm_spk_0010,SVM_CLOSED_SET,svm_closed_set_validation,SVM_EXPERIMENTAL,data/embeddings/svm_closed_set/svm_closed_set_validation/6827.npy,192,1.00000000,608.389
6136,exp_svm_spk_0001,SVM_CLOSED_SET,svm_closed_set_test,SVM_EXPERIMENTAL,data/embeddings/svm_closed_set/svm_closed_set_test/6136.npy,192,1.00000000,344.109
237,exp_svm_spk_0001,SVM_CLOSED_SET,svm_closed_set_test,SVM_EXPERIMENTAL,data/embeddings/svm_closed_set/svm_closed_set_test/237.npy,192,1.00000000,1030.293
9840,exp_svm_spk_0001,SVM_CLOSED_SET,svm_closed_set_test,SVM_EXPERIMENTAL,data/embeddings/svm_closed_set/svm_closed_set_test/9840.npy,192,1.00000000,767.607
1877,exp_svm_spk_0001,SVM_CLOSED_SET,svm_closed_set_test,SVM_EXPERIMENTAL,data/embeddings/svm_closed_set/svm_closed_set_test/1877.npy,192,0.99999988,589.292
5561,exp_svm_spk_0001,SVM_CLOSED_SET,svm_closed_set_test,SVM_EXPERIMENTAL,data/embeddings/svm_closed_set/svm_closed_set_test/5561.npy,192,1.00000000,397.977
5604,exp_svm_spk_0002,SVM_CLOSED_SET,svm_closed_set_test,SVM_EXPERIMENTAL,data/embeddings/svm_closed_set/svm_closed_set_test/5604.npy,192,1.00000000,613.052
3464,exp_svm_spk_0002,SVM_CLOSED_SET,svm_closed_set_test,SVM_EXPERIMENTAL,data/embeddings/svm_closed_set/svm_closed_set_test/3464.npy,192,1.00000000,511.005
10186,exp_svm_spk_0002,SVM_CLOSED_SET,svm_closed_set_test,SVM_EXPERIMENTAL,data/embeddings/svm_closed_set/svm_closed_set_test/10186.npy,192,1.00000000,582.436
12267,exp_svm_spk_0002,SVM_CLOSED_SET,svm_closed_set_test,SVM_EXPERIMENTAL,data/embeddings/svm_closed_set/svm_closed_set_test/12267.npy,192,1.00000000,527.578
13788,exp_svm_spk_0002,SVM_CLOSED_SET,svm_closed_set_test,SVM_EXPERIMENTAL,data/embeddings/svm_closed_set/svm_closed_set_test/13788.npy,192,0.99999994,376.232
8063,exp_svm_spk_0003,SVM_CLOSED_SET,svm_closed_set_test,SVM_EXPERIMENTAL,data/embeddings/svm_closed_set/svm_closed_set_test/8063.npy,192,1.00000000,650.968
2464,exp_svm_spk_0003,SVM_CLOSED_SET,svm_closed_set_test,SVM_EXPERIMENTAL,data/embeddings/svm_closed_set/svm_closed_set_test/2464.npy,192,1.00000000,516.544
8707,exp_svm_spk_0003,SVM_CLOSED_SET,svm_closed_set_test,SVM_EXPERIMENTAL,data/embeddings/svm_closed_set/svm_closed_set_test/8707.npy,192,1.00000012,539.771
2115,exp_svm_spk_0003,SVM_CLOSED_SET,svm_closed_set_test,SVM_EXPERIMENTAL,data/embeddings/svm_closed_set/svm_closed_set_test/2115.npy,192,1.00000012,410.729
7738,exp_svm_spk_0003,SVM_CLOSED_SET,svm_closed_set_test,SVM_EXPERIMENTAL,data/embeddings/svm_closed_set/svm_closed_set_test/7738.npy,192,1.00000000,744.144
12783,exp_svm_spk_0004,SVM_CLOSED_SET,svm_closed_set_test,SVM_EXPERIMENTAL,data/embeddings/svm_closed_set/svm_closed_set_test/12783.npy,192,1.00000000,518.998
617,exp_svm_spk_0004,SVM_CLOSED_SET,svm_closed_set_test,SVM_EXPERIMENTAL,data/embeddings/svm_closed_set/svm_closed_set_test/617.npy,192,1.00000000,552.600
15858,exp_svm_spk_0004,SVM_CLOSED_SET,svm_closed_set_test,SVM_EXPERIMENTAL,data/embeddings/svm_closed_set/svm_closed_set_test/15858.npy,192,1.00000000,593.112
13549,exp_svm_spk_0004,SVM_CLOSED_SET,svm_closed_set_test,SVM_EXPERIMENTAL,data/embeddings/svm_closed_set/svm_closed_set_test/13549.npy,192,1.00000000,707.916
8418,exp_svm_spk_0004,SVM_CLOSED_SET,svm_closed_set_test,SVM_EXPERIMENTAL,data/embeddings/svm_closed_set/svm_closed_set_test/8418.npy,192,0.99999994,468.455
6259,exp_svm_spk_0005,SVM_CLOSED_SET,svm_closed_set_test,SVM_EXPERIMENTAL,data/embeddings/svm_closed_set/svm_closed_set_test/6259.npy,192,1.00000000,528.269
14635,exp_svm_spk_0005,SVM_CLOSED_SET,svm_closed_set_test,SVM_EXPERIMENTAL,data/embeddings/svm_closed_set/svm_closed_set_test/14635.npy,192,0.99999994,585.465
835,exp_svm_spk_0005,SVM_CLOSED_SET,svm_closed_set_test,SVM_EXPERIMENTAL,data/embeddings/svm_closed_set/svm_closed_set_test/835.npy,192,1.00000000,516.178
3151,exp_svm_spk_0005,SVM_CLOSED_SET,svm_closed_set_test,SVM_EXPERIMENTAL,data/embeddings/svm_closed_set/svm_closed_set_test/3151.npy,192,0.99999994,434.076
10751,exp_svm_spk_0005,SVM_CLOSED_SET,svm_closed_set_test,SVM_EXPERIMENTAL,data/embeddings/svm_closed_set/svm_closed_set_test/10751.npy,192,1.00000000,265.401
13724,exp_svm_spk_0006,SVM_CLOSED_SET,svm_closed_set_test,SVM_EXPERIMENTAL,data/embeddings/svm_closed_set/svm_closed_set_test/13724.npy,192,1.00000000,808.548
9534,exp_svm_spk_0006,SVM_CLOSED_SET,svm_closed_set_test,SVM_EXPERIMENTAL,data/embeddings/svm_closed_set/svm_closed_set_test/9534.npy,192,0.99999994,771.210
7305,exp_svm_spk_0006,SVM_CLOSED_SET,svm_closed_set_test,SVM_EXPERIMENTAL,data/embeddings/svm_closed_set/svm_closed_set_test/7305.npy,192,0.99999994,639.605
11,exp_svm_spk_0006,SVM_CLOSED_SET,svm_closed_set_test,SVM_EXPERIMENTAL,data/embeddings/svm_closed_set/svm_closed_set_test/11.npy,192,1.00000000,528.592
16184,exp_svm_spk_0006,SVM_CLOSED_SET,svm_closed_set_test,SVM_EXPERIMENTAL,data/embeddings/svm_closed_set/svm_closed_set_test/16184.npy,192,0.99999994,853.840
9253,exp_svm_spk_0007,SVM_CLOSED_SET,svm_closed_set_test,SVM_EXPERIMENTAL,data/embeddings/svm_closed_set/svm_closed_set_test/9253.npy,192,1.00000000,548.046
7341,exp_svm_spk_0007,SVM_CLOSED_SET,svm_closed_set_test,SVM_EXPERIMENTAL,data/embeddings/svm_closed_set/svm_closed_set_test/7341.npy,192,1.00000000,613.285
3194,exp_svm_spk_0007,SVM_CLOSED_SET,svm_closed_set_test,SVM_EXPERIMENTAL,data/embeddings/svm_closed_set/svm_closed_set_test/3194.npy,192,1.00000000,709.144
6115,exp_svm_spk_0007,SVM_CLOSED_SET,svm_closed_set_test,SVM_EXPERIMENTAL,data/embeddings/svm_closed_set/svm_closed_set_test/6115.npy,192,1.00000000,614.054
17076,exp_svm_spk_0007,SVM_CLOSED_SET,svm_closed_set_test,SVM_EXPERIMENTAL,data/embeddings/svm_closed_set/svm_closed_set_test/17076.npy,192,0.99999994,841.541
3588,exp_svm_spk_0008,SVM_CLOSED_SET,svm_closed_set_test,SVM_EXPERIMENTAL,data/embeddings/svm_closed_set/svm_closed_set_test/3588.npy,192,1.00000000,468.025
16445,exp_svm_spk_0008,SVM_CLOSED_SET,svm_closed_set_test,SVM_EXPERIMENTAL,data/embeddings/svm_closed_set/svm_closed_set_test/16445.npy,192,1.00000000,759.535
11370,exp_svm_spk_0008,SVM_CLOSED_SET,svm_closed_set_test,SVM_EXPERIMENTAL,data/embeddings/svm_closed_set/svm_closed_set_test/11370.npy,192,1.00000000,581.996
9500,exp_svm_spk_0008,SVM_CLOSED_SET,svm_closed_set_test,SVM_EXPERIMENTAL,data/embeddings/svm_closed_set/svm_closed_set_test/9500.npy,192,1.00000000,615.103
14212,exp_svm_spk_0008,SVM_CLOSED_SET,svm_closed_set_test,SVM_EXPERIMENTAL,data/embeddings/svm_closed_set/svm_closed_set_test/14212.npy,192,0.99999994,471.628
13643,exp_svm_spk_0009,SVM_CLOSED_SET,svm_closed_set_test,SVM_EXPERIMENTAL,data/embeddings/svm_closed_set/svm_closed_set_test/13643.npy,192,0.99999994,601.832
2757,exp_svm_spk_0009,SVM_CLOSED_SET,svm_closed_set_test,SVM_EXPERIMENTAL,data/embeddings/svm_closed_set/svm_closed_set_test/2757.npy,192,0.99999994,763.071
4175,exp_svm_spk_0009,SVM_CLOSED_SET,svm_closed_set_test,SVM_EXPERIMENTAL,data/embeddings/svm_closed_set/svm_closed_set_test/4175.npy,192,1.00000000,850.124
538,exp_svm_spk_0009,SVM_CLOSED_SET,svm_closed_set_test,SVM_EXPERIMENTAL,data/embeddings/svm_closed_set/svm_closed_set_test/538.npy,192,1.00000000,742.044
14175,exp_svm_spk_0009,SVM_CLOSED_SET,svm_closed_set_test,SVM_EXPERIMENTAL,data/embeddings/svm_closed_set/svm_closed_set_test/14175.npy,192,1.00000000,342.800
14390,exp_svm_spk_0010,SVM_CLOSED_SET,svm_closed_set_test,SVM_EXPERIMENTAL,data/embeddings/svm_closed_set/svm_closed_set_test/14390.npy,192,1.00000000,466.926
4287,exp_svm_spk_0010,SVM_CLOSED_SET,svm_closed_set_test,SVM_EXPERIMENTAL,data/embeddings/svm_closed_set/svm_closed_set_test/4287.npy,192,0.99999994,323.441
14827,exp_svm_spk_0010,SVM_CLOSED_SET,svm_closed_set_test,SVM_EXPERIMENTAL,data/embeddings/svm_closed_set/svm_closed_set_test/14827.npy,192,0.99999994,608.473
4941,exp_svm_spk_0010,SVM_CLOSED_SET,svm_closed_set_test,SVM_EXPERIMENTAL,data/embeddings/svm_closed_set/svm_closed_set_test/4941.npy,192,0.99999994,431.413
9249,exp_svm_spk_0010,SVM_CLOSED_SET,svm_closed_set_test,SVM_EXPERIMENTAL,data/embeddings/svm_closed_set/svm_closed_set_test/9249.npy,192,1.00000000,395.828
14920,val_enrolled_spk_0001,COSINE_VALIDATION,cosine_validation_enrollment,ENROLLED,data/embeddings/cosine_validation/cosine_validation_enrollment/14920.npy,192,1.00000000,584.619
8447,val_enrolled_spk_0001,COSINE_VALIDATION,cosine_validation_enrollment,ENROLLED,data/embeddings/cosine_validation/cosine_validation_enrollment/8447.npy,192,0.99999994,1895.899
11933,val_enrolled_spk_0001,COSINE_VALIDATION,cosine_validation_enrollment,ENROLLED,data/embeddings/cosine_validation/cosine_validation_enrollment/11933.npy,192,1.00000000,606.920
12692,val_enrolled_spk_0001,COSINE_VALIDATION,cosine_validation_enrollment,ENROLLED,data/embeddings/cosine_validation/cosine_validation_enrollment/12692.npy,192,0.99999994,744.017
6236,val_enrolled_spk_0001,COSINE_VALIDATION,cosine_validation_enrollment,ENROLLED,data/embeddings/cosine_validation/cosine_validation_enrollment/6236.npy,192,1.00000000,376.885
5456,val_enrolled_spk_0002,COSINE_VALIDATION,cosine_validation_enrollment,ENROLLED,data/embeddings/cosine_validation/cosine_validation_enrollment/5456.npy,192,1.00000000,525.077
4156,val_enrolled_spk_0002,COSINE_VALIDATION,cosine_validation_enrollment,ENROLLED,data/embeddings/cosine_validation/cosine_validation_enrollment/4156.npy,192,1.00000000,406.169
10626,val_enrolled_spk_0002,COSINE_VALIDATION,cosine_validation_enrollment,ENROLLED,data/embeddings/cosine_validation/cosine_validation_enrollment/10626.npy,192,1.00000000,383.113
1664,val_enrolled_spk_0002,COSINE_VALIDATION,cosine_validation_enrollment,ENROLLED,data/embeddings/cosine_validation/cosine_validation_enrollment/1664.npy,192,0.99999994,660.417
11419,val_enrolled_spk_0002,COSINE_VALIDATION,cosine_validation_enrollment,ENROLLED,data/embeddings/cosine_validation/cosine_validation_enrollment/11419.npy,192,1.00000012,493.364
7571,val_enrolled_spk_0001,COSINE_VALIDATION,cosine_validation_query,ENROLLED,data/embeddings/cosine_validation/cosine_validation_query/7571.npy,192,1.00000000,482.238
12674,val_enrolled_spk_0001,COSINE_VALIDATION,cosine_validation_query,ENROLLED,data/embeddings/cosine_validation/cosine_validation_query/12674.npy,192,0.99999994,475.059
12205,val_enrolled_spk_0001,COSINE_VALIDATION,cosine_validation_query,ENROLLED,data/embeddings/cosine_validation/cosine_validation_query/12205.npy,192,1.00000000,859.091
6927,val_enrolled_spk_0001,COSINE_VALIDATION,cosine_validation_query,ENROLLED,data/embeddings/cosine_validation/cosine_validation_query/6927.npy,192,1.00000000,466.979
15375,val_enrolled_spk_0001,COSINE_VALIDATION,cosine_validation_query,ENROLLED,data/embeddings/cosine_validation/cosine_validation_query/15375.npy,192,0.99999994,1135.839
10039,val_enrolled_spk_0002,COSINE_VALIDATION,cosine_validation_query,ENROLLED,data/embeddings/cosine_validation/cosine_validation_query/10039.npy,192,1.00000000,623.223
10730,val_enrolled_spk_0002,COSINE_VALIDATION,cosine_validation_query,ENROLLED,data/embeddings/cosine_validation/cosine_validation_query/10730.npy,192,1.00000000,578.876
12095,val_enrolled_spk_0002,COSINE_VALIDATION,cosine_validation_query,ENROLLED,data/embeddings/cosine_validation/cosine_validation_query/12095.npy,192,1.00000000,683.339
3613,val_enrolled_spk_0002,COSINE_VALIDATION,cosine_validation_query,ENROLLED,data/embeddings/cosine_validation/cosine_validation_query/3613.npy,192,1.00000012,373.146
10988,val_enrolled_spk_0002,COSINE_VALIDATION,cosine_validation_query,ENROLLED,data/embeddings/cosine_validation/cosine_validation_query/10988.npy,192,1.00000000,587.290
14320,val_unknown_spk_0001,COSINE_VALIDATION,cosine_validation_unknown,UNKNOWN,data/embeddings/cosine_validation/cosine_validation_unknown/14320.npy,192,0.99999994,375.315
476,val_unknown_spk_0001,COSINE_VALIDATION,cosine_validation_unknown,UNKNOWN,data/embeddings/cosine_validation/cosine_validation_unknown/476.npy,192,1.00000000,441.601
11065,val_unknown_spk_0001,COSINE_VALIDATION,cosine_validation_unknown,UNKNOWN,data/embeddings/cosine_validation/cosine_validation_unknown/11065.npy,192,0.99999994,587.501
2919,val_unknown_spk_0001,COSINE_VALIDATION,cosine_validation_unknown,UNKNOWN,data/embeddings/cosine_validation/cosine_validation_unknown/2919.npy,192,0.99999994,755.527
7223,val_unknown_spk_0001,COSINE_VALIDATION,cosine_validation_unknown,UNKNOWN,data/embeddings/cosine_validation/cosine_validation_unknown/7223.npy,192,1.00000000,688.728
8655,val_unknown_spk_0001,COSINE_VALIDATION,cosine_validation_unknown,UNKNOWN,data/embeddings/cosine_validation/cosine_validation_unknown/8655.npy,192,1.00000000,1106.548
13228,val_unknown_spk_0001,COSINE_VALIDATION,cosine_validation_unknown,UNKNOWN,data/embeddings/cosine_validation/cosine_validation_unknown/13228.npy,192,1.00000000,931.062
10854,val_unknown_spk_0001,COSINE_VALIDATION,cosine_validation_unknown,UNKNOWN,data/embeddings/cosine_validation/cosine_validation_unknown/10854.npy,192,0.99999994,402.204
3898,val_unknown_spk_0001,COSINE_VALIDATION,cosine_validation_unknown,UNKNOWN,data/embeddings/cosine_validation/cosine_validation_unknown/3898.npy,192,0.99999994,528.385
4302,val_unknown_spk_0001,COSINE_VALIDATION,cosine_validation_unknown,UNKNOWN,data/embeddings/cosine_validation/cosine_validation_unknown/4302.npy,192,1.00000000,518.297
13804,val_unknown_spk_0001,COSINE_VALIDATION,cosine_validation_unknown,UNKNOWN,data/embeddings/cosine_validation/cosine_validation_unknown/13804.npy,192,1.00000000,591.459
13455,val_unknown_spk_0001,COSINE_VALIDATION,cosine_validation_unknown,UNKNOWN,data/embeddings/cosine_validation/cosine_validation_unknown/13455.npy,192,0.99999994,639.348
10967,val_unknown_spk_0001,COSINE_VALIDATION,cosine_validation_unknown,UNKNOWN,data/embeddings/cosine_validation/cosine_validation_unknown/10967.npy,192,1.00000000,590.725
5770,val_unknown_spk_0001,COSINE_VALIDATION,cosine_validation_unknown,UNKNOWN,data/embeddings/cosine_validation/cosine_validation_unknown/5770.npy,192,1.00000000,711.995
8984,val_unknown_spk_0001,COSINE_VALIDATION,cosine_validation_unknown,UNKNOWN,data/embeddings/cosine_validation/cosine_validation_unknown/8984.npy,192,1.00000000,471.519
13795,val_unknown_spk_0001,COSINE_VALIDATION,cosine_validation_unknown,UNKNOWN,data/embeddings/cosine_validation/cosine_validation_unknown/13795.npy,192,1.00000000,838.455
9709,val_unknown_spk_0001,COSINE_VALIDATION,cosine_validation_unknown,UNKNOWN,data/embeddings/cosine_validation/cosine_validation_unknown/9709.npy,192,1.00000000,517.174
11711,val_unknown_spk_0001,COSINE_VALIDATION,cosine_validation_unknown,UNKNOWN,data/embeddings/cosine_validation/cosine_validation_unknown/11711.npy,192,1.00000000,444.222
4827,val_unknown_spk_0001,COSINE_VALIDATION,cosine_validation_unknown,UNKNOWN,data/embeddings/cosine_validation/cosine_validation_unknown/4827.npy,192,1.00000000,462.983
12654,val_unknown_spk_0001,COSINE_VALIDATION,cosine_validation_unknown,UNKNOWN,data/embeddings/cosine_validation/cosine_validation_unknown/12654.npy,192,0.99999994,565.889
6170,val_unknown_spk_0001,COSINE_VALIDATION,cosine_validation_unknown,UNKNOWN,data/embeddings/cosine_validation/cosine_validation_unknown/6170.npy,192,1.00000000,547.079
2641,val_unknown_spk_0001,COSINE_VALIDATION,cosine_validation_unknown,UNKNOWN,data/embeddings/cosine_validation/cosine_validation_unknown/2641.npy,192,1.00000000,566.878
4786,val_unknown_spk_0001,COSINE_VALIDATION,cosine_validation_unknown,UNKNOWN,data/embeddings/cosine_validation/cosine_validation_unknown/4786.npy,192,1.00000000,431.578
14452,val_unknown_spk_0001,COSINE_VALIDATION,cosine_validation_unknown,UNKNOWN,data/embeddings/cosine_validation/cosine_validation_unknown/14452.npy,192,1.00000000,403.226
10616,val_unknown_spk_0001,COSINE_VALIDATION,cosine_validation_unknown,UNKNOWN,data/embeddings/cosine_validation/cosine_validation_unknown/10616.npy,192,0.99999994,631.811
2821,val_unknown_spk_0001,COSINE_VALIDATION,cosine_validation_unknown,UNKNOWN,data/embeddings/cosine_validation/cosine_validation_unknown/2821.npy,192,1.00000000,598.720
7310,val_unknown_spk_0001,COSINE_VALIDATION,cosine_validation_unknown,UNKNOWN,data/embeddings/cosine_validation/cosine_validation_unknown/7310.npy,192,1.00000000,469.614
16843,val_unknown_spk_0001,COSINE_VALIDATION,cosine_validation_unknown,UNKNOWN,data/embeddings/cosine_validation/cosine_validation_unknown/16843.npy,192,1.00000000,628.214
8385,val_unknown_spk_0001,COSINE_VALIDATION,cosine_validation_unknown,UNKNOWN,data/embeddings/cosine_validation/cosine_validation_unknown/8385.npy,192,0.99999994,469.144
6873,val_unknown_spk_0001,COSINE_VALIDATION,cosine_validation_unknown,UNKNOWN,data/embeddings/cosine_validation/cosine_validation_unknown/6873.npy,192,0.99999994,758.868
6009,val_unknown_spk_0001,COSINE_VALIDATION,cosine_validation_unknown,UNKNOWN,data/embeddings/cosine_validation/cosine_validation_unknown/6009.npy,192,0.99999994,595.219
13658,val_unknown_spk_0001,COSINE_VALIDATION,cosine_validation_unknown,UNKNOWN,data/embeddings/cosine_validation/cosine_validation_unknown/13658.npy,192,1.00000000,393.076
8057,val_unknown_spk_0001,COSINE_VALIDATION,cosine_validation_unknown,UNKNOWN,data/embeddings/cosine_validation/cosine_validation_unknown/8057.npy,192,1.00000000,378.624
15861,val_unknown_spk_0001,COSINE_VALIDATION,cosine_validation_unknown,UNKNOWN,data/embeddings/cosine_validation/cosine_validation_unknown/15861.npy,192,0.99999994,1112.833
14007,val_unknown_spk_0001,COSINE_VALIDATION,cosine_validation_unknown,UNKNOWN,data/embeddings/cosine_validation/cosine_validation_unknown/14007.npy,192,0.99999994,375.038
14924,val_unknown_spk_0001,COSINE_VALIDATION,cosine_validation_unknown,UNKNOWN,data/embeddings/cosine_validation/cosine_validation_unknown/14924.npy,192,1.00000000,990.866
9743,val_unknown_spk_0001,COSINE_VALIDATION,cosine_validation_unknown,UNKNOWN,data/embeddings/cosine_validation/cosine_validation_unknown/9743.npy,192,1.00000000,306.883
13319,val_unknown_spk_0001,COSINE_VALIDATION,cosine_validation_unknown,UNKNOWN,data/embeddings/cosine_validation/cosine_validation_unknown/13319.npy,192,0.99999988,443.079
15242,val_unknown_spk_0001,COSINE_VALIDATION,cosine_validation_unknown,UNKNOWN,data/embeddings/cosine_validation/cosine_validation_unknown/15242.npy,192,1.00000000,383.324
444,val_unknown_spk_0001,COSINE_VALIDATION,cosine_validation_unknown,UNKNOWN,data/embeddings/cosine_validation/cosine_validation_unknown/444.npy,192,1.00000000,311.310
9775,val_unknown_spk_0001,COSINE_VALIDATION,cosine_validation_unknown,UNKNOWN,data/embeddings/cosine_validation/cosine_validation_unknown/9775.npy,192,0.99999994,800.032
2154,val_unknown_spk_0001,COSINE_VALIDATION,cosine_validation_unknown,UNKNOWN,data/embeddings/cosine_validation/cosine_validation_unknown/2154.npy,192,1.00000000,554.592
10242,val_unknown_spk_0001,COSINE_VALIDATION,cosine_validation_unknown,UNKNOWN,data/embeddings/cosine_validation/cosine_validation_unknown/10242.npy,192,1.00000000,527.949
4836,val_unknown_spk_0001,COSINE_VALIDATION,cosine_validation_unknown,UNKNOWN,data/embeddings/cosine_validation/cosine_validation_unknown/4836.npy,192,1.00000000,501.097
15478,val_unknown_spk_0001,COSINE_VALIDATION,cosine_validation_unknown,UNKNOWN,data/embeddings/cosine_validation/cosine_validation_unknown/15478.npy,192,1.00000000,813.937
12039,val_unknown_spk_0001,COSINE_VALIDATION,cosine_validation_unknown,UNKNOWN,data/embeddings/cosine_validation/cosine_validation_unknown/12039.npy,192,1.00000000,391.518
3004,val_unknown_spk_0001,COSINE_VALIDATION,cosine_validation_unknown,UNKNOWN,data/embeddings/cosine_validation/cosine_validation_unknown/3004.npy,192,1.00000000,477.821
9765,val_unknown_spk_0001,COSINE_VALIDATION,cosine_validation_unknown,UNKNOWN,data/embeddings/cosine_validation/cosine_validation_unknown/9765.npy,192,0.99999994,767.644
14087,val_unknown_spk_0001,COSINE_VALIDATION,cosine_validation_unknown,UNKNOWN,data/embeddings/cosine_validation/cosine_validation_unknown/14087.npy,192,1.00000000,486.585
7136,val_unknown_spk_0001,COSINE_VALIDATION,cosine_validation_unknown,UNKNOWN,data/embeddings/cosine_validation/cosine_validation_unknown/7136.npy,192,1.00000000,476.736
13480,val_unknown_spk_0001,COSINE_VALIDATION,cosine_validation_unknown,UNKNOWN,data/embeddings/cosine_validation/cosine_validation_unknown/13480.npy,192,0.99999994,495.596
16586,val_unknown_spk_0001,COSINE_VALIDATION,cosine_validation_unknown,UNKNOWN,data/embeddings/cosine_validation/cosine_validation_unknown/16586.npy,192,1.00000000,262.714
8263,val_unknown_spk_0001,COSINE_VALIDATION,cosine_validation_unknown,UNKNOWN,data/embeddings/cosine_validation/cosine_validation_unknown/8263.npy,192,1.00000012,533.330
9082,val_unknown_spk_0001,COSINE_VALIDATION,cosine_validation_unknown,UNKNOWN,data/embeddings/cosine_validation/cosine_validation_unknown/9082.npy,192,1.00000000,356.532
7112,val_unknown_spk_0001,COSINE_VALIDATION,cosine_validation_unknown,UNKNOWN,data/embeddings/cosine_validation/cosine_validation_unknown/7112.npy,192,1.00000000,748.088
7229,val_unknown_spk_0001,COSINE_VALIDATION,cosine_validation_unknown,UNKNOWN,data/embeddings/cosine_validation/cosine_validation_unknown/7229.npy,192,1.00000012,919.138
11109,val_unknown_spk_0001,COSINE_VALIDATION,cosine_validation_unknown,UNKNOWN,data/embeddings/cosine_validation/cosine_validation_unknown/11109.npy,192,0.99999994,500.581
12527,val_unknown_spk_0001,COSINE_VALIDATION,cosine_validation_unknown,UNKNOWN,data/embeddings/cosine_validation/cosine_validation_unknown/12527.npy,192,0.99999988,775.240
115,val_unknown_spk_0001,COSINE_VALIDATION,cosine_validation_unknown,UNKNOWN,data/embeddings/cosine_validation/cosine_validation_unknown/115.npy,192,1.00000000,381.985
10870,val_unknown_spk_0001,COSINE_VALIDATION,cosine_validation_unknown,UNKNOWN,data/embeddings/cosine_validation/cosine_validation_unknown/10870.npy,192,1.00000000,812.301
9190,val_unknown_spk_0001,COSINE_VALIDATION,cosine_validation_unknown,UNKNOWN,data/embeddings/cosine_validation/cosine_validation_unknown/9190.npy,192,1.00000000,462.735
1357,val_unknown_spk_0001,COSINE_VALIDATION,cosine_validation_unknown,UNKNOWN,data/embeddings/cosine_validation/cosine_validation_unknown/1357.npy,192,1.00000000,619.207
4532,val_unknown_spk_0001,COSINE_VALIDATION,cosine_validation_unknown,UNKNOWN,data/embeddings/cosine_validation/cosine_validation_unknown/4532.npy,192,0.99999994,471.706
2092,val_unknown_spk_0001,COSINE_VALIDATION,cosine_validation_unknown,UNKNOWN,data/embeddings/cosine_validation/cosine_validation_unknown/2092.npy,192,1.00000000,826.695
9447,val_unknown_spk_0001,COSINE_VALIDATION,cosine_validation_unknown,UNKNOWN,data/embeddings/cosine_validation/cosine_validation_unknown/9447.npy,192,1.00000000,623.294
5242,val_unknown_spk_0001,COSINE_VALIDATION,cosine_validation_unknown,UNKNOWN,data/embeddings/cosine_validation/cosine_validation_unknown/5242.npy,192,1.00000000,531.450
12888,val_unknown_spk_0001,COSINE_VALIDATION,cosine_validation_unknown,UNKNOWN,data/embeddings/cosine_validation/cosine_validation_unknown/12888.npy,192,1.00000000,1137.370
1544,val_unknown_spk_0001,COSINE_VALIDATION,cosine_validation_unknown,UNKNOWN,data/embeddings/cosine_validation/cosine_validation_unknown/1544.npy,192,0.99999994,525.554
4908,val_unknown_spk_0001,COSINE_VALIDATION,cosine_validation_unknown,UNKNOWN,data/embeddings/cosine_validation/cosine_validation_unknown/4908.npy,192,0.99999994,585.854
3609,val_unknown_spk_0001,COSINE_VALIDATION,cosine_validation_unknown,UNKNOWN,data/embeddings/cosine_validation/cosine_validation_unknown/3609.npy,192,1.00000000,513.153
2282,val_unknown_spk_0001,COSINE_VALIDATION,cosine_validation_unknown,UNKNOWN,data/embeddings/cosine_validation/cosine_validation_unknown/2282.npy,192,1.00000000,674.388
14492,val_unknown_spk_0001,COSINE_VALIDATION,cosine_validation_unknown,UNKNOWN,data/embeddings/cosine_validation/cosine_validation_unknown/14492.npy,192,1.00000000,510.135
15460,val_unknown_spk_0001,COSINE_VALIDATION,cosine_validation_unknown,UNKNOWN,data/embeddings/cosine_validation/cosine_validation_unknown/15460.npy,192,1.00000000,574.396
16768,val_unknown_spk_0001,COSINE_VALIDATION,cosine_validation_unknown,UNKNOWN,data/embeddings/cosine_validation/cosine_validation_unknown/16768.npy,192,1.00000000,381.557
4619,val_unknown_spk_0001,COSINE_VALIDATION,cosine_validation_unknown,UNKNOWN,data/embeddings/cosine_validation/cosine_validation_unknown/4619.npy,192,1.00000000,621.517
2741,val_unknown_spk_0001,COSINE_VALIDATION,cosine_validation_unknown,UNKNOWN,data/embeddings/cosine_validation/cosine_validation_unknown/2741.npy,192,1.00000000,807.409
16081,val_unknown_spk_0001,COSINE_VALIDATION,cosine_validation_unknown,UNKNOWN,data/embeddings/cosine_validation/cosine_validation_unknown/16081.npy,192,1.00000000,456.473
8160,val_unknown_spk_0001,COSINE_VALIDATION,cosine_validation_unknown,UNKNOWN,data/embeddings/cosine_validation/cosine_validation_unknown/8160.npy,192,1.00000000,1493.731
12217,val_unknown_spk_0001,COSINE_VALIDATION,cosine_validation_unknown,UNKNOWN,data/embeddings/cosine_validation/cosine_validation_unknown/12217.npy,192,1.00000000,429.162
8677,val_unknown_spk_0001,COSINE_VALIDATION,cosine_validation_unknown,UNKNOWN,data/embeddings/cosine_validation/cosine_validation_unknown/8677.npy,192,1.00000000,336.750
16442,val_unknown_spk_0001,COSINE_VALIDATION,cosine_validation_unknown,UNKNOWN,data/embeddings/cosine_validation/cosine_validation_unknown/16442.npy,192,1.00000000,586.579
8132,val_unknown_spk_0001,COSINE_VALIDATION,cosine_validation_unknown,UNKNOWN,data/embeddings/cosine_validation/cosine_validation_unknown/8132.npy,192,1.00000000,494.420
7517,val_unknown_spk_0002,COSINE_VALIDATION,cosine_validation_unknown,UNKNOWN,data/embeddings/cosine_validation/cosine_validation_unknown/7517.npy,192,0.99999994,409.003
1277,val_unknown_spk_0002,COSINE_VALIDATION,cosine_validation_unknown,UNKNOWN,data/embeddings/cosine_validation/cosine_validation_unknown/1277.npy,192,0.99999994,260.752
3875,val_unknown_spk_0002,COSINE_VALIDATION,cosine_validation_unknown,UNKNOWN,data/embeddings/cosine_validation/cosine_validation_unknown/3875.npy,192,1.00000000,495.435
11061,val_unknown_spk_0002,COSINE_VALIDATION,cosine_validation_unknown,UNKNOWN,data/embeddings/cosine_validation/cosine_validation_unknown/11061.npy,192,0.99999994,372.720
9907,val_unknown_spk_0002,COSINE_VALIDATION,cosine_validation_unknown,UNKNOWN,data/embeddings/cosine_validation/cosine_validation_unknown/9907.npy,192,1.00000000,511.706
8895,val_unknown_spk_0002,COSINE_VALIDATION,cosine_validation_unknown,UNKNOWN,data/embeddings/cosine_validation/cosine_validation_unknown/8895.npy,192,1.00000012,431.705
8699,val_unknown_spk_0002,COSINE_VALIDATION,cosine_validation_unknown,UNKNOWN,data/embeddings/cosine_validation/cosine_validation_unknown/8699.npy,192,1.00000000,358.388
13075,val_unknown_spk_0002,COSINE_VALIDATION,cosine_validation_unknown,UNKNOWN,data/embeddings/cosine_validation/cosine_validation_unknown/13075.npy,192,0.99999994,561.585
9889,val_unknown_spk_0002,COSINE_VALIDATION,cosine_validation_unknown,UNKNOWN,data/embeddings/cosine_validation/cosine_validation_unknown/9889.npy,192,1.00000000,448.605
251,val_unknown_spk_0002,COSINE_VALIDATION,cosine_validation_unknown,UNKNOWN,data/embeddings/cosine_validation/cosine_validation_unknown/251.npy,192,1.00000000,340.602
2006,val_unknown_spk_0002,COSINE_VALIDATION,cosine_validation_unknown,UNKNOWN,data/embeddings/cosine_validation/cosine_validation_unknown/2006.npy,192,0.99999994,364.175
3868,val_unknown_spk_0002,COSINE_VALIDATION,cosine_validation_unknown,UNKNOWN,data/embeddings/cosine_validation/cosine_validation_unknown/3868.npy,192,0.99999994,572.460
9838,val_unknown_spk_0002,COSINE_VALIDATION,cosine_validation_unknown,UNKNOWN,data/embeddings/cosine_validation/cosine_validation_unknown/9838.npy,192,1.00000000,417.441
5746,val_unknown_spk_0002,COSINE_VALIDATION,cosine_validation_unknown,UNKNOWN,data/embeddings/cosine_validation/cosine_validation_unknown/5746.npy,192,1.00000000,404.120
5408,val_unknown_spk_0002,COSINE_VALIDATION,cosine_validation_unknown,UNKNOWN,data/embeddings/cosine_validation/cosine_validation_unknown/5408.npy,192,0.99999994,701.404
12125,val_unknown_spk_0002,COSINE_VALIDATION,cosine_validation_unknown,UNKNOWN,data/embeddings/cosine_validation/cosine_validation_unknown/12125.npy,192,0.99999988,612.971
1215,val_unknown_spk_0002,COSINE_VALIDATION,cosine_validation_unknown,UNKNOWN,data/embeddings/cosine_validation/cosine_validation_unknown/1215.npy,192,1.00000000,452.867
10916,val_unknown_spk_0002,COSINE_VALIDATION,cosine_validation_unknown,UNKNOWN,data/embeddings/cosine_validation/cosine_validation_unknown/10916.npy,192,0.99999994,371.621
6570,val_unknown_spk_0002,COSINE_VALIDATION,cosine_validation_unknown,UNKNOWN,data/embeddings/cosine_validation/cosine_validation_unknown/6570.npy,192,1.00000000,403.134
4161,val_unknown_spk_0002,COSINE_VALIDATION,cosine_validation_unknown,UNKNOWN,data/embeddings/cosine_validation/cosine_validation_unknown/4161.npy,192,1.00000000,688.407
15609,val_unknown_spk_0002,COSINE_VALIDATION,cosine_validation_unknown,UNKNOWN,data/embeddings/cosine_validation/cosine_validation_unknown/15609.npy,192,1.00000000,999.029
1732,val_unknown_spk_0002,COSINE_VALIDATION,cosine_validation_unknown,UNKNOWN,data/embeddings/cosine_validation/cosine_validation_unknown/1732.npy,192,1.00000000,500.303
1227,val_unknown_spk_0002,COSINE_VALIDATION,cosine_validation_unknown,UNKNOWN,data/embeddings/cosine_validation/cosine_validation_unknown/1227.npy,192,1.00000000,576.402
5186,val_unknown_spk_0002,COSINE_VALIDATION,cosine_validation_unknown,UNKNOWN,data/embeddings/cosine_validation/cosine_validation_unknown/5186.npy,192,1.00000000,581.691
12617,val_unknown_spk_0002,COSINE_VALIDATION,cosine_validation_unknown,UNKNOWN,data/embeddings/cosine_validation/cosine_validation_unknown/12617.npy,192,1.00000000,617.717
14088,val_unknown_spk_0002,COSINE_VALIDATION,cosine_validation_unknown,UNKNOWN,data/embeddings/cosine_validation/cosine_validation_unknown/14088.npy,192,1.00000012,393.310
67,val_unknown_spk_0002,COSINE_VALIDATION,cosine_validation_unknown,UNKNOWN,data/embeddings/cosine_validation/cosine_validation_unknown/67.npy,192,1.00000000,638.468
2649,val_unknown_spk_0002,COSINE_VALIDATION,cosine_validation_unknown,UNKNOWN,data/embeddings/cosine_validation/cosine_validation_unknown/2649.npy,192,1.00000000,525.483
2122,val_unknown_spk_0002,COSINE_VALIDATION,cosine_validation_unknown,UNKNOWN,data/embeddings/cosine_validation/cosine_validation_unknown/2122.npy,192,0.99999994,449.820
5882,val_unknown_spk_0002,COSINE_VALIDATION,cosine_validation_unknown,UNKNOWN,data/embeddings/cosine_validation/cosine_validation_unknown/5882.npy,192,0.99999994,315.308
11196,val_unknown_spk_0002,COSINE_VALIDATION,cosine_validation_unknown,UNKNOWN,data/embeddings/cosine_validation/cosine_validation_unknown/11196.npy,192,1.00000000,415.421
2901,val_unknown_spk_0002,COSINE_VALIDATION,cosine_validation_unknown,UNKNOWN,data/embeddings/cosine_validation/cosine_validation_unknown/2901.npy,192,1.00000000,354.821
9934,val_unknown_spk_0002,COSINE_VALIDATION,cosine_validation_unknown,UNKNOWN,data/embeddings/cosine_validation/cosine_validation_unknown/9934.npy,192,0.99999988,538.964
4681,val_unknown_spk_0002,COSINE_VALIDATION,cosine_validation_unknown,UNKNOWN,data/embeddings/cosine_validation/cosine_validation_unknown/4681.npy,192,1.00000000,629.671
13353,val_unknown_spk_0002,COSINE_VALIDATION,cosine_validation_unknown,UNKNOWN,data/embeddings/cosine_validation/cosine_validation_unknown/13353.npy,192,0.99999994,444.632
11063,val_unknown_spk_0002,COSINE_VALIDATION,cosine_validation_unknown,UNKNOWN,data/embeddings/cosine_validation/cosine_validation_unknown/11063.npy,192,0.99999994,339.328
4094,val_unknown_spk_0002,COSINE_VALIDATION,cosine_validation_unknown,UNKNOWN,data/embeddings/cosine_validation/cosine_validation_unknown/4094.npy,192,1.00000000,372.777
5126,val_unknown_spk_0002,COSINE_VALIDATION,cosine_validation_unknown,UNKNOWN,data/embeddings/cosine_validation/cosine_validation_unknown/5126.npy,192,1.00000000,431.531
7731,val_unknown_spk_0002,COSINE_VALIDATION,cosine_validation_unknown,UNKNOWN,data/embeddings/cosine_validation/cosine_validation_unknown/7731.npy,192,1.00000000,341.678
2769,val_unknown_spk_0002,COSINE_VALIDATION,cosine_validation_unknown,UNKNOWN,data/embeddings/cosine_validation/cosine_validation_unknown/2769.npy,192,1.00000000,329.344
6751,val_unknown_spk_0002,COSINE_VALIDATION,cosine_validation_unknown,UNKNOWN,data/embeddings/cosine_validation/cosine_validation_unknown/6751.npy,192,1.00000000,408.621
7631,val_unknown_spk_0002,COSINE_VALIDATION,cosine_validation_unknown,UNKNOWN,data/embeddings/cosine_validation/cosine_validation_unknown/7631.npy,192,1.00000000,533.888
16085,val_unknown_spk_0002,COSINE_VALIDATION,cosine_validation_unknown,UNKNOWN,data/embeddings/cosine_validation/cosine_validation_unknown/16085.npy,192,0.99999994,363.896
5181,val_unknown_spk_0002,COSINE_VALIDATION,cosine_validation_unknown,UNKNOWN,data/embeddings/cosine_validation/cosine_validation_unknown/5181.npy,192,0.99999994,497.625
9127,val_unknown_spk_0002,COSINE_VALIDATION,cosine_validation_unknown,UNKNOWN,data/embeddings/cosine_validation/cosine_validation_unknown/9127.npy,192,1.00000000,384.842
11200,val_unknown_spk_0002,COSINE_VALIDATION,cosine_validation_unknown,UNKNOWN,data/embeddings/cosine_validation/cosine_validation_unknown/11200.npy,192,0.99999994,331.077
15414,val_unknown_spk_0002,COSINE_VALIDATION,cosine_validation_unknown,UNKNOWN,data/embeddings/cosine_validation/cosine_validation_unknown/15414.npy,192,1.00000000,344.786
9996,val_unknown_spk_0002,COSINE_VALIDATION,cosine_validation_unknown,UNKNOWN,data/embeddings/cosine_validation/cosine_validation_unknown/9996.npy,192,1.00000000,491.033
5028,val_unknown_spk_0002,COSINE_VALIDATION,cosine_validation_unknown,UNKNOWN,data/embeddings/cosine_validation/cosine_validation_unknown/5028.npy,192,1.00000000,435.448
5638,val_unknown_spk_0002,COSINE_VALIDATION,cosine_validation_unknown,UNKNOWN,data/embeddings/cosine_validation/cosine_validation_unknown/5638.npy,192,1.00000000,457.650
4519,val_unknown_spk_0002,COSINE_VALIDATION,cosine_validation_unknown,UNKNOWN,data/embeddings/cosine_validation/cosine_validation_unknown/4519.npy,192,1.00000012,390.428
2321,val_unknown_spk_0002,COSINE_VALIDATION,cosine_validation_unknown,UNKNOWN,data/embeddings/cosine_validation/cosine_validation_unknown/2321.npy,192,0.99999994,381.092
7871,val_unknown_spk_0002,COSINE_VALIDATION,cosine_validation_unknown,UNKNOWN,data/embeddings/cosine_validation/cosine_validation_unknown/7871.npy,192,1.00000000,387.145
1680,val_unknown_spk_0002,COSINE_VALIDATION,cosine_validation_unknown,UNKNOWN,data/embeddings/cosine_validation/cosine_validation_unknown/1680.npy,192,0.99999994,548.891
7244,val_unknown_spk_0002,COSINE_VALIDATION,cosine_validation_unknown,UNKNOWN,data/embeddings/cosine_validation/cosine_validation_unknown/7244.npy,192,1.00000000,345.342
3466,val_unknown_spk_0002,COSINE_VALIDATION,cosine_validation_unknown,UNKNOWN,data/embeddings/cosine_validation/cosine_validation_unknown/3466.npy,192,1.00000000,291.276
12554,val_unknown_spk_0002,COSINE_VALIDATION,cosine_validation_unknown,UNKNOWN,data/embeddings/cosine_validation/cosine_validation_unknown/12554.npy,192,0.99999994,511.176
17074,val_unknown_spk_0002,COSINE_VALIDATION,cosine_validation_unknown,UNKNOWN,data/embeddings/cosine_validation/cosine_validation_unknown/17074.npy,192,1.00000000,487.169
3724,val_unknown_spk_0002,COSINE_VALIDATION,cosine_validation_unknown,UNKNOWN,data/embeddings/cosine_validation/cosine_validation_unknown/3724.npy,192,0.99999994,558.409
7555,val_unknown_spk_0002,COSINE_VALIDATION,cosine_validation_unknown,UNKNOWN,data/embeddings/cosine_validation/cosine_validation_unknown/7555.npy,192,0.99999994,337.658
11945,val_unknown_spk_0002,COSINE_VALIDATION,cosine_validation_unknown,UNKNOWN,data/embeddings/cosine_validation/cosine_validation_unknown/11945.npy,192,0.99999994,424.324
5376,val_unknown_spk_0002,COSINE_VALIDATION,cosine_validation_unknown,UNKNOWN,data/embeddings/cosine_validation/cosine_validation_unknown/5376.npy,192,0.99999988,1013.311
8903,test_enrolled_spk_0001,COSINE_TEST,cosine_test_enrollment,ENROLLED,data/embeddings/cosine_test/cosine_test_enrollment/8903.npy,192,1.00000000,768.479
13198,test_enrolled_spk_0001,COSINE_TEST,cosine_test_enrollment,ENROLLED,data/embeddings/cosine_test/cosine_test_enrollment/13198.npy,192,1.00000000,638.624
4495,test_enrolled_spk_0001,COSINE_TEST,cosine_test_enrollment,ENROLLED,data/embeddings/cosine_test/cosine_test_enrollment/4495.npy,192,1.00000000,757.951
5546,test_enrolled_spk_0001,COSINE_TEST,cosine_test_enrollment,ENROLLED,data/embeddings/cosine_test/cosine_test_enrollment/5546.npy,192,0.99999994,796.471
11364,test_enrolled_spk_0001,COSINE_TEST,cosine_test_enrollment,ENROLLED,data/embeddings/cosine_test/cosine_test_enrollment/11364.npy,192,1.00000000,736.796
5569,test_enrolled_spk_0002,COSINE_TEST,cosine_test_enrollment,ENROLLED,data/embeddings/cosine_test/cosine_test_enrollment/5569.npy,192,1.00000000,337.772
13227,test_enrolled_spk_0002,COSINE_TEST,cosine_test_enrollment,ENROLLED,data/embeddings/cosine_test/cosine_test_enrollment/13227.npy,192,1.00000000,513.460
16478,test_enrolled_spk_0002,COSINE_TEST,cosine_test_enrollment,ENROLLED,data/embeddings/cosine_test/cosine_test_enrollment/16478.npy,192,1.00000012,419.608
6361,test_enrolled_spk_0002,COSINE_TEST,cosine_test_enrollment,ENROLLED,data/embeddings/cosine_test/cosine_test_enrollment/6361.npy,192,1.00000000,424.485
6991,test_enrolled_spk_0002,COSINE_TEST,cosine_test_enrollment,ENROLLED,data/embeddings/cosine_test/cosine_test_enrollment/6991.npy,192,0.99999994,282.283
8282,test_enrolled_spk_0001,COSINE_TEST,cosine_test_query,ENROLLED,data/embeddings/cosine_test/cosine_test_query/8282.npy,192,1.00000000,598.084
11014,test_enrolled_spk_0001,COSINE_TEST,cosine_test_query,ENROLLED,data/embeddings/cosine_test/cosine_test_query/11014.npy,192,1.00000000,699.184
13617,test_enrolled_spk_0001,COSINE_TEST,cosine_test_query,ENROLLED,data/embeddings/cosine_test/cosine_test_query/13617.npy,192,1.00000000,994.613
13281,test_enrolled_spk_0001,COSINE_TEST,cosine_test_query,ENROLLED,data/embeddings/cosine_test/cosine_test_query/13281.npy,192,1.00000000,1118.438
11899,test_enrolled_spk_0001,COSINE_TEST,cosine_test_query,ENROLLED,data/embeddings/cosine_test/cosine_test_query/11899.npy,192,1.00000000,693.667
15427,test_enrolled_spk_0002,COSINE_TEST,cosine_test_query,ENROLLED,data/embeddings/cosine_test/cosine_test_query/15427.npy,192,1.00000000,555.100
10901,test_enrolled_spk_0002,COSINE_TEST,cosine_test_query,ENROLLED,data/embeddings/cosine_test/cosine_test_query/10901.npy,192,0.99999994,368.479
5034,test_enrolled_spk_0002,COSINE_TEST,cosine_test_query,ENROLLED,data/embeddings/cosine_test/cosine_test_query/5034.npy,192,1.00000000,285.952
7164,test_enrolled_spk_0002,COSINE_TEST,cosine_test_query,ENROLLED,data/embeddings/cosine_test/cosine_test_query/7164.npy,192,1.00000000,258.059
2643,test_enrolled_spk_0002,COSINE_TEST,cosine_test_query,ENROLLED,data/embeddings/cosine_test/cosine_test_query/2643.npy,192,0.99999994,245.907
14849,test_unknown_spk_0001,COSINE_TEST,cosine_test_unknown,UNKNOWN,data/embeddings/cosine_test/cosine_test_unknown/14849.npy,192,1.00000000,737.399
8487,test_unknown_spk_0001,COSINE_TEST,cosine_test_unknown,UNKNOWN,data/embeddings/cosine_test/cosine_test_unknown/8487.npy,192,0.99999988,1480.247
16821,test_unknown_spk_0001,COSINE_TEST,cosine_test_unknown,UNKNOWN,data/embeddings/cosine_test/cosine_test_unknown/16821.npy,192,1.00000000,616.198
11064,test_unknown_spk_0001,COSINE_TEST,cosine_test_unknown,UNKNOWN,data/embeddings/cosine_test/cosine_test_unknown/11064.npy,192,1.00000000,814.845
2825,test_unknown_spk_0001,COSINE_TEST,cosine_test_unknown,UNKNOWN,data/embeddings/cosine_test/cosine_test_unknown/2825.npy,192,1.00000000,869.468
9065,test_unknown_spk_0001,COSINE_TEST,cosine_test_unknown,UNKNOWN,data/embeddings/cosine_test/cosine_test_unknown/9065.npy,192,1.00000000,778.355
8311,test_unknown_spk_0001,COSINE_TEST,cosine_test_unknown,UNKNOWN,data/embeddings/cosine_test/cosine_test_unknown/8311.npy,192,0.99999994,1014.342
5957,test_unknown_spk_0001,COSINE_TEST,cosine_test_unknown,UNKNOWN,data/embeddings/cosine_test/cosine_test_unknown/5957.npy,192,1.00000000,1028.958
13071,test_unknown_spk_0001,COSINE_TEST,cosine_test_unknown,UNKNOWN,data/embeddings/cosine_test/cosine_test_unknown/13071.npy,192,1.00000000,900.488
3160,test_unknown_spk_0001,COSINE_TEST,cosine_test_unknown,UNKNOWN,data/embeddings/cosine_test/cosine_test_unknown/3160.npy,192,1.00000000,744.815
5021,test_unknown_spk_0001,COSINE_TEST,cosine_test_unknown,UNKNOWN,data/embeddings/cosine_test/cosine_test_unknown/5021.npy,192,1.00000000,648.232
2495,test_unknown_spk_0001,COSINE_TEST,cosine_test_unknown,UNKNOWN,data/embeddings/cosine_test/cosine_test_unknown/2495.npy,192,1.00000000,474.267
11658,test_unknown_spk_0001,COSINE_TEST,cosine_test_unknown,UNKNOWN,data/embeddings/cosine_test/cosine_test_unknown/11658.npy,192,0.99999994,834.439
691,test_unknown_spk_0001,COSINE_TEST,cosine_test_unknown,UNKNOWN,data/embeddings/cosine_test/cosine_test_unknown/691.npy,192,1.00000000,619.481
15900,test_unknown_spk_0001,COSINE_TEST,cosine_test_unknown,UNKNOWN,data/embeddings/cosine_test/cosine_test_unknown/15900.npy,192,1.00000000,560.621
17034,test_unknown_spk_0001,COSINE_TEST,cosine_test_unknown,UNKNOWN,data/embeddings/cosine_test/cosine_test_unknown/17034.npy,192,0.99999994,1265.967
5060,test_unknown_spk_0001,COSINE_TEST,cosine_test_unknown,UNKNOWN,data/embeddings/cosine_test/cosine_test_unknown/5060.npy,192,1.00000000,1069.957
12174,test_unknown_spk_0001,COSINE_TEST,cosine_test_unknown,UNKNOWN,data/embeddings/cosine_test/cosine_test_unknown/12174.npy,192,1.00000000,983.066
3402,test_unknown_spk_0001,COSINE_TEST,cosine_test_unknown,UNKNOWN,data/embeddings/cosine_test/cosine_test_unknown/3402.npy,192,1.00000000,537.227
1948,test_unknown_spk_0001,COSINE_TEST,cosine_test_unknown,UNKNOWN,data/embeddings/cosine_test/cosine_test_unknown/1948.npy,192,0.99999994,386.278
2582,test_unknown_spk_0001,COSINE_TEST,cosine_test_unknown,UNKNOWN,data/embeddings/cosine_test/cosine_test_unknown/2582.npy,192,1.00000000,449.055
8543,test_unknown_spk_0001,COSINE_TEST,cosine_test_unknown,UNKNOWN,data/embeddings/cosine_test/cosine_test_unknown/8543.npy,192,1.00000000,751.451
13576,test_unknown_spk_0001,COSINE_TEST,cosine_test_unknown,UNKNOWN,data/embeddings/cosine_test/cosine_test_unknown/13576.npy,192,1.00000000,677.682
4065,test_unknown_spk_0001,COSINE_TEST,cosine_test_unknown,UNKNOWN,data/embeddings/cosine_test/cosine_test_unknown/4065.npy,192,0.99999994,886.935
15475,test_unknown_spk_0001,COSINE_TEST,cosine_test_unknown,UNKNOWN,data/embeddings/cosine_test/cosine_test_unknown/15475.npy,192,1.00000000,1073.114
6071,test_unknown_spk_0001,COSINE_TEST,cosine_test_unknown,UNKNOWN,data/embeddings/cosine_test/cosine_test_unknown/6071.npy,192,1.00000000,1075.684
15645,test_unknown_spk_0001,COSINE_TEST,cosine_test_unknown,UNKNOWN,data/embeddings/cosine_test/cosine_test_unknown/15645.npy,192,1.00000000,369.982
6963,test_unknown_spk_0001,COSINE_TEST,cosine_test_unknown,UNKNOWN,data/embeddings/cosine_test/cosine_test_unknown/6963.npy,192,1.00000000,1320.207
7688,test_unknown_spk_0001,COSINE_TEST,cosine_test_unknown,UNKNOWN,data/embeddings/cosine_test/cosine_test_unknown/7688.npy,192,1.00000000,1068.836
13935,test_unknown_spk_0001,COSINE_TEST,cosine_test_unknown,UNKNOWN,data/embeddings/cosine_test/cosine_test_unknown/13935.npy,192,1.00000000,864.236
13533,test_unknown_spk_0001,COSINE_TEST,cosine_test_unknown,UNKNOWN,data/embeddings/cosine_test/cosine_test_unknown/13533.npy,192,1.00000000,722.406
5175,test_unknown_spk_0001,COSINE_TEST,cosine_test_unknown,UNKNOWN,data/embeddings/cosine_test/cosine_test_unknown/5175.npy,192,1.00000000,901.690
1934,test_unknown_spk_0001,COSINE_TEST,cosine_test_unknown,UNKNOWN,data/embeddings/cosine_test/cosine_test_unknown/1934.npy,192,1.00000000,950.697
11562,test_unknown_spk_0001,COSINE_TEST,cosine_test_unknown,UNKNOWN,data/embeddings/cosine_test/cosine_test_unknown/11562.npy,192,1.00000000,961.662
8146,test_unknown_spk_0001,COSINE_TEST,cosine_test_unknown,UNKNOWN,data/embeddings/cosine_test/cosine_test_unknown/8146.npy,192,1.00000000,658.203
11496,test_unknown_spk_0001,COSINE_TEST,cosine_test_unknown,UNKNOWN,data/embeddings/cosine_test/cosine_test_unknown/11496.npy,192,1.00000000,433.629
1125,test_unknown_spk_0001,COSINE_TEST,cosine_test_unknown,UNKNOWN,data/embeddings/cosine_test/cosine_test_unknown/1125.npy,192,1.00000000,699.585
12565,test_unknown_spk_0001,COSINE_TEST,cosine_test_unknown,UNKNOWN,data/embeddings/cosine_test/cosine_test_unknown/12565.npy,192,0.99999994,1321.308
10135,test_unknown_spk_0001,COSINE_TEST,cosine_test_unknown,UNKNOWN,data/embeddings/cosine_test/cosine_test_unknown/10135.npy,192,0.99999994,880.386
4664,test_unknown_spk_0001,COSINE_TEST,cosine_test_unknown,UNKNOWN,data/embeddings/cosine_test/cosine_test_unknown/4664.npy,192,1.00000000,571.647
8834,test_unknown_spk_0001,COSINE_TEST,cosine_test_unknown,UNKNOWN,data/embeddings/cosine_test/cosine_test_unknown/8834.npy,192,1.00000000,1144.358
15145,test_unknown_spk_0001,COSINE_TEST,cosine_test_unknown,UNKNOWN,data/embeddings/cosine_test/cosine_test_unknown/15145.npy,192,1.00000000,931.702
3139,test_unknown_spk_0001,COSINE_TEST,cosine_test_unknown,UNKNOWN,data/embeddings/cosine_test/cosine_test_unknown/3139.npy,192,1.00000000,486.149
2620,test_unknown_spk_0001,COSINE_TEST,cosine_test_unknown,UNKNOWN,data/embeddings/cosine_test/cosine_test_unknown/2620.npy,192,0.99999994,587.292
6262,test_unknown_spk_0001,COSINE_TEST,cosine_test_unknown,UNKNOWN,data/embeddings/cosine_test/cosine_test_unknown/6262.npy,192,0.99999994,715.259
5150,test_unknown_spk_0001,COSINE_TEST,cosine_test_unknown,UNKNOWN,data/embeddings/cosine_test/cosine_test_unknown/5150.npy,192,1.00000000,1245.256
1545,test_unknown_spk_0001,COSINE_TEST,cosine_test_unknown,UNKNOWN,data/embeddings/cosine_test/cosine_test_unknown/1545.npy,192,1.00000000,695.275
5084,test_unknown_spk_0001,COSINE_TEST,cosine_test_unknown,UNKNOWN,data/embeddings/cosine_test/cosine_test_unknown/5084.npy,192,1.00000000,786.444
12325,test_unknown_spk_0001,COSINE_TEST,cosine_test_unknown,UNKNOWN,data/embeddings/cosine_test/cosine_test_unknown/12325.npy,192,1.00000000,535.427
16462,test_unknown_spk_0001,COSINE_TEST,cosine_test_unknown,UNKNOWN,data/embeddings/cosine_test/cosine_test_unknown/16462.npy,192,1.00000000,936.331
14866,test_unknown_spk_0001,COSINE_TEST,cosine_test_unknown,UNKNOWN,data/embeddings/cosine_test/cosine_test_unknown/14866.npy,192,1.00000000,706.270
298,test_unknown_spk_0001,COSINE_TEST,cosine_test_unknown,UNKNOWN,data/embeddings/cosine_test/cosine_test_unknown/298.npy,192,1.00000000,691.185
16421,test_unknown_spk_0001,COSINE_TEST,cosine_test_unknown,UNKNOWN,data/embeddings/cosine_test/cosine_test_unknown/16421.npy,192,0.99999994,1036.763
6571,test_unknown_spk_0001,COSINE_TEST,cosine_test_unknown,UNKNOWN,data/embeddings/cosine_test/cosine_test_unknown/6571.npy,192,1.00000000,934.766
4008,test_unknown_spk_0001,COSINE_TEST,cosine_test_unknown,UNKNOWN,data/embeddings/cosine_test/cosine_test_unknown/4008.npy,192,0.99999994,392.801
14393,test_unknown_spk_0001,COSINE_TEST,cosine_test_unknown,UNKNOWN,data/embeddings/cosine_test/cosine_test_unknown/14393.npy,192,0.99999994,646.194
13615,test_unknown_spk_0001,COSINE_TEST,cosine_test_unknown,UNKNOWN,data/embeddings/cosine_test/cosine_test_unknown/13615.npy,192,1.00000000,722.555
6111,test_unknown_spk_0002,COSINE_TEST,cosine_test_unknown,UNKNOWN,data/embeddings/cosine_test/cosine_test_unknown/6111.npy,192,1.00000000,977.102
2623,test_unknown_spk_0002,COSINE_TEST,cosine_test_unknown,UNKNOWN,data/embeddings/cosine_test/cosine_test_unknown/2623.npy,192,1.00000012,466.623
26,test_unknown_spk_0002,COSINE_TEST,cosine_test_unknown,UNKNOWN,data/embeddings/cosine_test/cosine_test_unknown/26.npy,192,1.00000000,343.081
8941,test_unknown_spk_0002,COSINE_TEST,cosine_test_unknown,UNKNOWN,data/embeddings/cosine_test/cosine_test_unknown/8941.npy,192,1.00000000,527.190
6642,test_unknown_spk_0002,COSINE_TEST,cosine_test_unknown,UNKNOWN,data/embeddings/cosine_test/cosine_test_unknown/6642.npy,192,1.00000000,452.400
3758,test_unknown_spk_0002,COSINE_TEST,cosine_test_unknown,UNKNOWN,data/embeddings/cosine_test/cosine_test_unknown/3758.npy,192,0.99999988,729.635
13024,test_unknown_spk_0002,COSINE_TEST,cosine_test_unknown,UNKNOWN,data/embeddings/cosine_test/cosine_test_unknown/13024.npy,192,1.00000000,482.962
9660,test_unknown_spk_0002,COSINE_TEST,cosine_test_unknown,UNKNOWN,data/embeddings/cosine_test/cosine_test_unknown/9660.npy,192,0.99999994,339.218
5063,test_unknown_spk_0002,COSINE_TEST,cosine_test_unknown,UNKNOWN,data/embeddings/cosine_test/cosine_test_unknown/5063.npy,192,1.00000000,453.435
8122,test_unknown_spk_0002,COSINE_TEST,cosine_test_unknown,UNKNOWN,data/embeddings/cosine_test/cosine_test_unknown/8122.npy,192,1.00000000,524.767
16319,test_unknown_spk_0002,COSINE_TEST,cosine_test_unknown,UNKNOWN,data/embeddings/cosine_test/cosine_test_unknown/16319.npy,192,0.99999994,358.705
1839,test_unknown_spk_0002,COSINE_TEST,cosine_test_unknown,UNKNOWN,data/embeddings/cosine_test/cosine_test_unknown/1839.npy,192,1.00000012,798.444
5352,test_unknown_spk_0002,COSINE_TEST,cosine_test_unknown,UNKNOWN,data/embeddings/cosine_test/cosine_test_unknown/5352.npy,192,1.00000000,779.429
16140,test_unknown_spk_0002,COSINE_TEST,cosine_test_unknown,UNKNOWN,data/embeddings/cosine_test/cosine_test_unknown/16140.npy,192,0.99999994,845.478
3720,test_unknown_spk_0002,COSINE_TEST,cosine_test_unknown,UNKNOWN,data/embeddings/cosine_test/cosine_test_unknown/3720.npy,192,0.99999994,552.115
13033,test_unknown_spk_0002,COSINE_TEST,cosine_test_unknown,UNKNOWN,data/embeddings/cosine_test/cosine_test_unknown/13033.npy,192,1.00000000,365.804
17009,test_unknown_spk_0002,COSINE_TEST,cosine_test_unknown,UNKNOWN,data/embeddings/cosine_test/cosine_test_unknown/17009.npy,192,1.00000000,313.952
2687,test_unknown_spk_0002,COSINE_TEST,cosine_test_unknown,UNKNOWN,data/embeddings/cosine_test/cosine_test_unknown/2687.npy,192,0.99999994,319.759
2120,test_unknown_spk_0002,COSINE_TEST,cosine_test_unknown,UNKNOWN,data/embeddings/cosine_test/cosine_test_unknown/2120.npy,192,1.00000000,380.994
4622,test_unknown_spk_0002,COSINE_TEST,cosine_test_unknown,UNKNOWN,data/embeddings/cosine_test/cosine_test_unknown/4622.npy,192,1.00000000,453.157
3202,test_unknown_spk_0002,COSINE_TEST,cosine_test_unknown,UNKNOWN,data/embeddings/cosine_test/cosine_test_unknown/3202.npy,192,1.00000000,369.588
490,test_unknown_spk_0002,COSINE_TEST,cosine_test_unknown,UNKNOWN,data/embeddings/cosine_test/cosine_test_unknown/490.npy,192,0.99999988,287.788
756,test_unknown_spk_0002,COSINE_TEST,cosine_test_unknown,UNKNOWN,data/embeddings/cosine_test/cosine_test_unknown/756.npy,192,1.00000000,572.187
4604,test_unknown_spk_0002,COSINE_TEST,cosine_test_unknown,UNKNOWN,data/embeddings/cosine_test/cosine_test_unknown/4604.npy,192,0.99999994,694.768
7846,test_unknown_spk_0002,COSINE_TEST,cosine_test_unknown,UNKNOWN,data/embeddings/cosine_test/cosine_test_unknown/7846.npy,192,1.00000000,589.853
6209,test_unknown_spk_0002,COSINE_TEST,cosine_test_unknown,UNKNOWN,data/embeddings/cosine_test/cosine_test_unknown/6209.npy,192,1.00000000,963.121
16580,test_unknown_spk_0002,COSINE_TEST,cosine_test_unknown,UNKNOWN,data/embeddings/cosine_test/cosine_test_unknown/16580.npy,192,1.00000000,929.549
10146,test_unknown_spk_0002,COSINE_TEST,cosine_test_unknown,UNKNOWN,data/embeddings/cosine_test/cosine_test_unknown/10146.npy,192,1.00000000,679.339
2318,test_unknown_spk_0002,COSINE_TEST,cosine_test_unknown,UNKNOWN,data/embeddings/cosine_test/cosine_test_unknown/2318.npy,192,0.99999994,399.320
2846,test_unknown_spk_0002,COSINE_TEST,cosine_test_unknown,UNKNOWN,data/embeddings/cosine_test/cosine_test_unknown/2846.npy,192,1.00000000,314.952
2425,test_unknown_spk_0002,COSINE_TEST,cosine_test_unknown,UNKNOWN,data/embeddings/cosine_test/cosine_test_unknown/2425.npy,192,1.00000000,348.245
14156,test_unknown_spk_0002,COSINE_TEST,cosine_test_unknown,UNKNOWN,data/embeddings/cosine_test/cosine_test_unknown/14156.npy,192,1.00000000,331.400
7374,test_unknown_spk_0002,COSINE_TEST,cosine_test_unknown,UNKNOWN,data/embeddings/cosine_test/cosine_test_unknown/7374.npy,192,1.00000000,377.181
11631,test_unknown_spk_0002,COSINE_TEST,cosine_test_unknown,UNKNOWN,data/embeddings/cosine_test/cosine_test_unknown/11631.npy,192,1.00000000,403.667
6265,test_unknown_spk_0002,COSINE_TEST,cosine_test_unknown,UNKNOWN,data/embeddings/cosine_test/cosine_test_unknown/6265.npy,192,1.00000000,494.675
1177,test_unknown_spk_0002,COSINE_TEST,cosine_test_unknown,UNKNOWN,data/embeddings/cosine_test/cosine_test_unknown/1177.npy,192,1.00000000,646.677
5100,test_unknown_spk_0002,COSINE_TEST,cosine_test_unknown,UNKNOWN,data/embeddings/cosine_test/cosine_test_unknown/5100.npy,192,0.99999994,427.602
9008,test_unknown_spk_0002,COSINE_TEST,cosine_test_unknown,UNKNOWN,data/embeddings/cosine_test/cosine_test_unknown/9008.npy,192,1.00000000,521.548
9382,test_unknown_spk_0002,COSINE_TEST,cosine_test_unknown,UNKNOWN,data/embeddings/cosine_test/cosine_test_unknown/9382.npy,192,0.99999994,444.945
2886,test_unknown_spk_0002,COSINE_TEST,cosine_test_unknown,UNKNOWN,data/embeddings/cosine_test/cosine_test_unknown/2886.npy,192,0.99999994,815.777
7523,test_unknown_spk_0002,COSINE_TEST,cosine_test_unknown,UNKNOWN,data/embeddings/cosine_test/cosine_test_unknown/7523.npy,192,0.99999994,657.360
11212,test_unknown_spk_0002,COSINE_TEST,cosine_test_unknown,UNKNOWN,data/embeddings/cosine_test/cosine_test_unknown/11212.npy,192,1.00000000,609.629
8451,test_unknown_spk_0002,COSINE_TEST,cosine_test_unknown,UNKNOWN,data/embeddings/cosine_test/cosine_test_unknown/8451.npy,192,0.99999994,631.136
11041,test_unknown_spk_0002,COSINE_TEST,cosine_test_unknown,UNKNOWN,data/embeddings/cosine_test/cosine_test_unknown/11041.npy,192,1.00000000,466.039
9023,test_unknown_spk_0002,COSINE_TEST,cosine_test_unknown,UNKNOWN,data/embeddings/cosine_test/cosine_test_unknown/9023.npy,192,1.00000000,689.965
2943,test_unknown_spk_0002,COSINE_TEST,cosine_test_unknown,UNKNOWN,data/embeddings/cosine_test/cosine_test_unknown/2943.npy,192,1.00000012,429.366
12165,test_unknown_spk_0002,COSINE_TEST,cosine_test_unknown,UNKNOWN,data/embeddings/cosine_test/cosine_test_unknown/12165.npy,192,1.00000000,794.933
15805,test_unknown_spk_0002,COSINE_TEST,cosine_test_unknown,UNKNOWN,data/embeddings/cosine_test/cosine_test_unknown/15805.npy,192,1.00000000,639.470
16286,test_unknown_spk_0002,COSINE_TEST,cosine_test_unknown,UNKNOWN,data/embeddings/cosine_test/cosine_test_unknown/16286.npy,192,1.00000000,678.894
5741,test_unknown_spk_0002,COSINE_TEST,cosine_test_unknown,UNKNOWN,data/embeddings/cosine_test/cosine_test_unknown/5741.npy,192,1.00000000,909.293
365,test_unknown_spk_0002,COSINE_TEST,cosine_test_unknown,UNKNOWN,data/embeddings/cosine_test/cosine_test_unknown/365.npy,192,1.00000000,580.353
3437,test_unknown_spk_0002,COSINE_TEST,cosine_test_unknown,UNKNOWN,data/embeddings/cosine_test/cosine_test_unknown/3437.npy,192,1.00000000,593.613
9492,test_unknown_spk_0002,COSINE_TEST,cosine_test_unknown,UNKNOWN,data/embeddings/cosine_test/cosine_test_unknown/9492.npy,192,1.00000000,540.318
11300,test_unknown_spk_0002,COSINE_TEST,cosine_test_unknown,UNKNOWN,data/embeddings/cosine_test/cosine_test_unknown/11300.npy,192,0.99999994,900.169
10506,test_unknown_spk_0002,COSINE_TEST,cosine_test_unknown,UNKNOWN,data/embeddings/cosine_test/cosine_test_unknown/10506.npy,192,1.00000000,611.254
5372,test_unknown_spk_0002,COSINE_TEST,cosine_test_unknown,UNKNOWN,data/embeddings/cosine_test/cosine_test_unknown/5372.npy,192,1.00000000,583.640
16971,test_unknown_spk_0002,COSINE_TEST,cosine_test_unknown,UNKNOWN,data/embeddings/cosine_test/cosine_test_unknown/16971.npy,192,1.00000000,586.602
12298,test_unknown_spk_0002,COSINE_TEST,cosine_test_unknown,UNKNOWN,data/embeddings/cosine_test/cosine_test_unknown/12298.npy,192,1.00000000,722.843
7968,test_unknown_spk_0002,COSINE_TEST,cosine_test_unknown,UNKNOWN,data/embeddings/cosine_test/cosine_test_unknown/7968.npy,192,1.00000000,466.553
