audio_id,audio_path,processed_audio_path,success
15725,dev/3ad59c437df9f88fb73aa7836be03236.wav,processed/v1/audio/dev/3ad59c437df9f88fb73aa7836be03236.wav,True
8372,dev/9bb610ed02974acd847eb7730f910235.wav,processed/v1/audio/dev/9bb610ed02974acd847eb7730f910235.wav,True
16570,dev/c49416ed116437e83d89d9319a2736d8.wav,processed/v1/audio/dev/c49416ed116437e83d89d9319a2736d8.wav,True
8072,dev/5db14ad2feaa9a898249d89e643cedc0.wav,processed/v1/audio/dev/5db14ad2feaa9a898249d89e643cedc0.wav,True
13384,dev/2c8a885c31eb6345db91d90158c2347d.wav,processed/v1/audio/dev/2c8a885c31eb6345db91d90158c2347d.wav,True
4723,dev/4eccc049a8c90a634134b2d36147cdac.wav,processed/v1/audio/dev/4eccc049a8c90a634134b2d36147cdac.wav,True
10666,dev/b0fccb95306b4e99de9c54c49f1d4588.wav,processed/v1/audio/dev/b0fccb95306b4e99de9c54c49f1d4588.wav,True
10924,dev/3e5c690b3011dada2171a0c847b88237.wav,processed/v1/audio/dev/3e5c690b3011dada2171a0c847b88237.wav,True
12352,dev/f59478315ad2f5b86c568c864cedb767.wav,processed/v1/audio/dev/f59478315ad2f5b86c568c864cedb767.wav,True
12715,dev/8a6095d09fb3ebe2acf66df78da8af24.wav,processed/v1/audio/dev/8a6095d09fb3ebe2acf66df78da8af24.wav,True
5666,dev/fa749c13aaf2b13ee4ceef66a2d0e2df.wav,processed/v1/audio/dev/fa749c13aaf2b13ee4ceef66a2d0e2df.wav,True
12533,dev/7c212a77d5e79b0043b40b0b178e70a0.wav,processed/v1/audio/dev/7c212a77d5e79b0043b40b0b178e70a0.wav,True
4971,dev/512e5d85b9cd20cabe606e5c6c307119.wav,processed/v1/audio/dev/512e5d85b9cd20cabe606e5c6c307119.wav,True
16929,dev/fcf4ac4be1ed13f0c36fe7f34ec64c7f.wav,processed/v1/audio/dev/fcf4ac4be1ed13f0c36fe7f34ec64c7f.wav,True
8788,dev/ed6ae9c008a6f579fa6c66cccdea75d8.wav,processed/v1/audio/dev/ed6ae9c008a6f579fa6c66cccdea75d8.wav,True
3701,dev/dd6d3ba0c684ecafd5b132a6741933ce.wav,processed/v1/audio/dev/dd6d3ba0c684ecafd5b132a6741933ce.wav,True
8751,dev/b7c51e19ad3f7f8c40d30cf0f17f592d.wav,processed/v1/audio/dev/b7c51e19ad3f7f8c40d30cf0f17f592d.wav,True
2140,dev/de922906d358b91c5e282d8e4ef4fa2a.wav,processed/v1/audio/dev/de922906d358b91c5e282d8e4ef4fa2a.wav,True
15294,dev/135809789a4dc4615f9825172e9d2245.wav,processed/v1/audio/dev/135809789a4dc4615f9825172e9d2245.wav,True
10293,dev/cd4f783e917713c1ed23099c45298367.wav,processed/v1/audio/dev/cd4f783e917713c1ed23099c45298367.wav,True
9736,dev/97087093a1263b0e5dbc49a2348ba910.wav,processed/v1/audio/dev/97087093a1263b0e5dbc49a2348ba910.wav,True
708,dev/f917261a23cf166a37944468c2a901c2.wav,processed/v1/audio/dev/f917261a23cf166a37944468c2a901c2.wav,True
15897,dev/14aa32bc7e81f8b3a525f0955fcc63f8.wav,processed/v1/audio/dev/14aa32bc7e81f8b3a525f0955fcc63f8.wav,True
6132,dev/7bf8375bbe8e75fbd46805f42b0189e2.wav,processed/v1/audio/dev/7bf8375bbe8e75fbd46805f42b0189e2.wav,True
2693,dev/a440e57a0aa2c7e9cfbe6d296362a0e2.wav,processed/v1/audio/dev/a440e57a0aa2c7e9cfbe6d296362a0e2.wav,True
9425,dev/0c6a1454f31843f837710865ba52c3bf.wav,processed/v1/audio/dev/0c6a1454f31843f837710865ba52c3bf.wav,True
16840,dev/687f07e902a909093bb6a987c80bcdb7.wav,processed/v1/audio/dev/687f07e902a909093bb6a987c80bcdb7.wav,True
11608,dev/75e569e0cf274957ef15fb2b94c377b8.wav,processed/v1/audio/dev/75e569e0cf274957ef15fb2b94c377b8.wav,True
2095,dev/c9535b44912a918b105098fdf666ebe3.wav,processed/v1/audio/dev/c9535b44912a918b105098fdf666ebe3.wav,True
5636,dev/a19864a69d5cfa271745acf23c7e0a83.wav,processed/v1/audio/dev/a19864a69d5cfa271745acf23c7e0a83.wav,True
15625,dev/02d094202f69f5a542522b159b2e9add.wav,processed/v1/audio/dev/02d094202f69f5a542522b159b2e9add.wav,True
12108,dev/1f683d259d1a017b047ddec39561324b.wav,processed/v1/audio/dev/1f683d259d1a017b047ddec39561324b.wav,True
16161,dev/f9f834fd4629c104df4bc7480d539fcb.wav,processed/v1/audio/dev/f9f834fd4629c104df4bc7480d539fcb.wav,True
9725,dev/4073f99c722160d857d6c171e562a1f7.wav,processed/v1/audio/dev/4073f99c722160d857d6c171e562a1f7.wav,True
2520,dev/643b0dcc6670bb1d5abdc06f4c10f241.wav,processed/v1/audio/dev/643b0dcc6670bb1d5abdc06f4c10f241.wav,True
14930,dev/4c5d7ec9a64610f5a20fefc9b45c4f32.wav,processed/v1/audio/dev/4c5d7ec9a64610f5a20fefc9b45c4f32.wav,True
1914,dev/971362071fe3df0f0056c5252ef64d1b.wav,processed/v1/audio/dev/971362071fe3df0f0056c5252ef64d1b.wav,True
3149,dev/5c88ced3ab68d7dd92b528ca820f8552.wav,processed/v1/audio/dev/5c88ced3ab68d7dd92b528ca820f8552.wav,True
11305,dev/6f3eb828ae79f0baa2cf2d423175ba87.wav,processed/v1/audio/dev/6f3eb828ae79f0baa2cf2d423175ba87.wav,True
5290,dev/e0238c32bd96c7fa43c6e775beb1ca45.wav,processed/v1/audio/dev/e0238c32bd96c7fa43c6e775beb1ca45.wav,True
271,dev/8bf892ad3d53db5938d4a26703d65a1f.wav,processed/v1/audio/dev/8bf892ad3d53db5938d4a26703d65a1f.wav,True
3973,dev/3c8ff5b96766037363ec0bca6306f54d.wav,processed/v1/audio/dev/3c8ff5b96766037363ec0bca6306f54d.wav,True
14593,dev/7373e100c5d07f0d674fa70708bad465.wav,processed/v1/audio/dev/7373e100c5d07f0d674fa70708bad465.wav,True
2879,dev/2442f4a2d83dcfd35bd02146c7d3e867.wav,processed/v1/audio/dev/2442f4a2d83dcfd35bd02146c7d3e867.wav,True
5113,dev/9dc37e13b6ce755b962917483ce993d9.wav,processed/v1/audio/dev/9dc37e13b6ce755b962917483ce993d9.wav,True
4317,dev/4862ac2777a63abe558e12557f0190c7.wav,processed/v1/audio/dev/4862ac2777a63abe558e12557f0190c7.wav,True
4942,dev/0a19125e8e0d38d96de65201428acf1b.wav,processed/v1/audio/dev/0a19125e8e0d38d96de65201428acf1b.wav,True
14868,dev/7f1c534ffb2d4fde306f02051517fbec.wav,processed/v1/audio/dev/7f1c534ffb2d4fde306f02051517fbec.wav,True
7893,dev/9d212f0085c45f4d0511e913f5324ed2.wav,processed/v1/audio/dev/9d212f0085c45f4d0511e913f5324ed2.wav,True
1548,dev/7db2b270988799bfdb5a9ed37f37af2c.wav,processed/v1/audio/dev/7db2b270988799bfdb5a9ed37f37af2c.wav,True
741,dev/57bc2094dbb5be917aedffa4c68db490.wav,processed/v1/audio/dev/57bc2094dbb5be917aedffa4c68db490.wav,True
5015,dev/b380d2d7245b37ce8d41a74bec397c21.wav,processed/v1/audio/dev/b380d2d7245b37ce8d41a74bec397c21.wav,True
12373,dev/bac5ec3d93361cb00414e28a69c93428.wav,processed/v1/audio/dev/bac5ec3d93361cb00414e28a69c93428.wav,True
8089,dev/05228e8a019a7e501eb60cb95d1e268d.wav,processed/v1/audio/dev/05228e8a019a7e501eb60cb95d1e268d.wav,True
15812,dev/4d800a3427af226cb32deb00e0428a6a.wav,processed/v1/audio/dev/4d800a3427af226cb32deb00e0428a6a.wav,True
8729,dev/e60ad97187b5f507b758996cfddbfa79.wav,processed/v1/audio/dev/e60ad97187b5f507b758996cfddbfa79.wav,True
15545,dev/33feee9815f799fd26161a6a6a389335.wav,processed/v1/audio/dev/33feee9815f799fd26161a6a6a389335.wav,True
16991,dev/8649b7fbe11a970176d7a92d24af9696.wav,processed/v1/audio/dev/8649b7fbe11a970176d7a92d24af9696.wav,True
10238,dev/844785be622dad1c6d78af25cc6fe2ef.wav,processed/v1/audio/dev/844785be622dad1c6d78af25cc6fe2ef.wav,True
9215,dev/db6f3eda8ca1bf3d1bf4fd4afacf690f.wav,processed/v1/audio/dev/db6f3eda8ca1bf3d1bf4fd4afacf690f.wav,True
5476,dev/1d6502701ebe92d045cfca2a60d91f51.wav,processed/v1/audio/dev/1d6502701ebe92d045cfca2a60d91f51.wav,True
7345,dev/f7aabab99c1ca09800fcc271f6ab89b8.wav,processed/v1/audio/dev/f7aabab99c1ca09800fcc271f6ab89b8.wav,True
6483,dev/1be5c7a1360b6df98b7285a9df5df845.wav,processed/v1/audio/dev/1be5c7a1360b6df98b7285a9df5df845.wav,True
11596,dev/a3640050db2a00615fb0c1ef025e3dab.wav,processed/v1/audio/dev/a3640050db2a00615fb0c1ef025e3dab.wav,True
12593,dev/82dabc9869b78f62ecd31c31a2e48665.wav,processed/v1/audio/dev/82dabc9869b78f62ecd31c31a2e48665.wav,True
12956,dev/45e5bc390f2d9dc48a2b7716c459d483.wav,processed/v1/audio/dev/45e5bc390f2d9dc48a2b7716c459d483.wav,True
11621,dev/b1133de64fa1e45363c70c5f524e0a20.wav,processed/v1/audio/dev/b1133de64fa1e45363c70c5f524e0a20.wav,True
13231,dev/e119f7d29d214d0140f5a98575b134e8.wav,processed/v1/audio/dev/e119f7d29d214d0140f5a98575b134e8.wav,True
12891,dev/78d9761bb9845374c23b6ff6df68bda7.wav,processed/v1/audio/dev/78d9761bb9845374c23b6ff6df68bda7.wav,True
3602,dev/3f5708131b5e2dec61b4edc05555566a.wav,processed/v1/audio/dev/3f5708131b5e2dec61b4edc05555566a.wav,True
7804,dev/064a3937a30b7a5bb38b4c2fae183fcd.wav,processed/v1/audio/dev/064a3937a30b7a5bb38b4c2fae183fcd.wav,True
6675,dev/34bd9d14c3b6ec5d9f448c53a2e60306.wav,processed/v1/audio/dev/34bd9d14c3b6ec5d9f448c53a2e60306.wav,True
10301,dev/09d039f51067ff795a212f5e683c8a8a.wav,processed/v1/audio/dev/09d039f51067ff795a212f5e683c8a8a.wav,True
13185,dev/b34323d69a5bf6a39dcb7e89f7169a19.wav,processed/v1/audio/dev/b34323d69a5bf6a39dcb7e89f7169a19.wav,True
12872,dev/5719be255af0235c1661477481ca8eb0.wav,processed/v1/audio/dev/5719be255af0235c1661477481ca8eb0.wav,True
3123,dev/952458b3503c189c63b80422a80a0bb0.wav,processed/v1/audio/dev/952458b3503c189c63b80422a80a0bb0.wav,True
1678,dev/fa700a4278316206ed89746f887d9903.wav,processed/v1/audio/dev/fa700a4278316206ed89746f887d9903.wav,True
2932,dev/49e4fe1e37614c8975637b38b6adf024.wav,processed/v1/audio/dev/49e4fe1e37614c8975637b38b6adf024.wav,True
9593,dev/bd9bbd1e3c42aededc8ac51dbdfe7001.wav,processed/v1/audio/dev/bd9bbd1e3c42aededc8ac51dbdfe7001.wav,True
9816,dev/2db1bbcd22149535be37654ec754212c.wav,processed/v1/audio/dev/2db1bbcd22149535be37654ec754212c.wav,True
562,dev/b930b239b08ca32251a9b604d01d0d01.wav,processed/v1/audio/dev/b930b239b08ca32251a9b604d01d0d01.wav,True
11876,dev/5fa6fa43deeaba6840088dae3134121b.wav,processed/v1/audio/dev/5fa6fa43deeaba6840088dae3134121b.wav,True
616,dev/7eaf0a13865637fd8e7bc610b151f6b4.wav,processed/v1/audio/dev/7eaf0a13865637fd8e7bc610b151f6b4.wav,True
12119,dev/a8435c0ddefc335eedb91cef5f6a21a4.wav,processed/v1/audio/dev/a8435c0ddefc335eedb91cef5f6a21a4.wav,True
12768,dev/97a4422c7c31885b6733013409a7daf0.wav,processed/v1/audio/dev/97a4422c7c31885b6733013409a7daf0.wav,True
8697,dev/0af6b19cb42aa3fe9b2107acd90ee722.wav,processed/v1/audio/dev/0af6b19cb42aa3fe9b2107acd90ee722.wav,True
16885,dev/fafc52383c18a1115c5847539fbc8774.wav,processed/v1/audio/dev/fafc52383c18a1115c5847539fbc8774.wav,True
13583,dev/3d61c0a400f791849664e0da3171003f.wav,processed/v1/audio/dev/3d61c0a400f791849664e0da3171003f.wav,True
8808,dev/b22ff843e7a317f71bda2d367bf4aab7.wav,processed/v1/audio/dev/b22ff843e7a317f71bda2d367bf4aab7.wav,True
9614,dev/8154aab1f8e49e69294a65535fff87ae.wav,processed/v1/audio/dev/8154aab1f8e49e69294a65535fff87ae.wav,True
8522,dev/78a51ba8349e81d99ae7fb2216f9f273.wav,processed/v1/audio/dev/78a51ba8349e81d99ae7fb2216f9f273.wav,True
511,dev/68f61e93d72ce3404fba710e031e5578.wav,processed/v1/audio/dev/68f61e93d72ce3404fba710e031e5578.wav,True
15349,dev/923a8fc59f2dfb3b71ab7791b2c56e96.wav,processed/v1/audio/dev/923a8fc59f2dfb3b71ab7791b2c56e96.wav,True
921,dev/768018a94d9deba8ba7c0324c33dcb32.wav,processed/v1/audio/dev/768018a94d9deba8ba7c0324c33dcb32.wav,True
1687,dev/35c1f26b6152c5573fcab45dd2184f11.wav,processed/v1/audio/dev/35c1f26b6152c5573fcab45dd2184f11.wav,True
6723,dev/5846bd9fa82bf4bc4d3cf35d5795cacf.wav,processed/v1/audio/dev/5846bd9fa82bf4bc4d3cf35d5795cacf.wav,True
2668,dev/1225f66f6e867a72340705505cc9c37d.wav,processed/v1/audio/dev/1225f66f6e867a72340705505cc9c37d.wav,True
8594,dev/6d7dd172fc1868facc5c538feec07175.wav,processed/v1/audio/dev/6d7dd172fc1868facc5c538feec07175.wav,True
5108,dev/c13ce5370a88bcb6827bc1d0591c9831.wav,processed/v1/audio/dev/c13ce5370a88bcb6827bc1d0591c9831.wav,True
7424,dev/9113c8c3ac5dcbb19e6fd278af2c6130.wav,processed/v1/audio/dev/9113c8c3ac5dcbb19e6fd278af2c6130.wav,True
6925,dev/c459fcefdc25f0abd3c064bf1afb4f6f.wav,processed/v1/audio/dev/c459fcefdc25f0abd3c064bf1afb4f6f.wav,True
2665,dev/eef4e48b3273b225694ca9ad56261fdc.wav,processed/v1/audio/dev/eef4e48b3273b225694ca9ad56261fdc.wav,True
1380,dev/27466d88d08eb2a8ec656c1edb05b709.wav,processed/v1/audio/dev/27466d88d08eb2a8ec656c1edb05b709.wav,True
6158,dev/0c53de437507c32d3c04610c4d8733fc.wav,processed/v1/audio/dev/0c53de437507c32d3c04610c4d8733fc.wav,True
14989,dev/c1c0e8bfa09629ee2719ba80af205f78.wav,processed/v1/audio/dev/c1c0e8bfa09629ee2719ba80af205f78.wav,True
14755,dev/7d4f4db2853acbd11526e38d43494ffc.wav,processed/v1/audio/dev/7d4f4db2853acbd11526e38d43494ffc.wav,True
4012,dev/5f9d5418fed286d625042e17f067c6d6.wav,processed/v1/audio/dev/5f9d5418fed286d625042e17f067c6d6.wav,True
5755,dev/103032544d95146153d72cc30a67accd.wav,processed/v1/audio/dev/103032544d95146153d72cc30a67accd.wav,True
851,dev/cf0b3ce272bd984f6afa120d9ebfb616.wav,processed/v1/audio/dev/cf0b3ce272bd984f6afa120d9ebfb616.wav,True
1223,dev/2fffa18177a7d2091f2633a0151d9a22.wav,processed/v1/audio/dev/2fffa18177a7d2091f2633a0151d9a22.wav,True
12923,dev/78f6884689cc8d8fb01b17ee005b1965.wav,processed/v1/audio/dev/78f6884689cc8d8fb01b17ee005b1965.wav,True
9299,dev/da5dd56da4f9cbd14a9aeaeb7755553c.wav,processed/v1/audio/dev/da5dd56da4f9cbd14a9aeaeb7755553c.wav,True
4421,dev/8ef9c577c4eac8faf3accef9a42b8c17.wav,processed/v1/audio/dev/8ef9c577c4eac8faf3accef9a42b8c17.wav,True
15836,dev/292071b6f205e28e4928fe5192a7c22b.wav,processed/v1/audio/dev/292071b6f205e28e4928fe5192a7c22b.wav,True
15065,dev/106a8128c29238e84d09eb3856a02c93.wav,processed/v1/audio/dev/106a8128c29238e84d09eb3856a02c93.wav,True
13756,dev/9cf094f0f347bc9cddb38c829d6f4584.wav,processed/v1/audio/dev/9cf094f0f347bc9cddb38c829d6f4584.wav,True
13914,dev/efa27c6b581fb425424262be436d37bd.wav,processed/v1/audio/dev/efa27c6b581fb425424262be436d37bd.wav,True
6655,dev/8fae2e284a7332280f5d10a102f0cc67.wav,processed/v1/audio/dev/8fae2e284a7332280f5d10a102f0cc67.wav,True
6673,dev/9554b5c7ce75328b338d89f443eb9e34.wav,processed/v1/audio/dev/9554b5c7ce75328b338d89f443eb9e34.wav,True
13836,dev/5f491a4df79972de1cb4384101e90397.wav,processed/v1/audio/dev/5f491a4df79972de1cb4384101e90397.wav,True
1416,dev/a96f1d5fde98dc39aa04f3d93227a1b5.wav,processed/v1/audio/dev/a96f1d5fde98dc39aa04f3d93227a1b5.wav,True
15247,dev/5b94bcd001e4f4aba1c77373153e8f80.wav,processed/v1/audio/dev/5b94bcd001e4f4aba1c77373153e8f80.wav,True
10648,dev/6e79f07e8bc7a4994124ae53fe9282e0.wav,processed/v1/audio/dev/6e79f07e8bc7a4994124ae53fe9282e0.wav,True
9383,dev/0eb9f881c6eb1d1adc7eea597bba33c3.wav,processed/v1/audio/dev/0eb9f881c6eb1d1adc7eea597bba33c3.wav,True
15910,dev/26dbb695ab7b73dc9ef8e10d06a864fe.wav,processed/v1/audio/dev/26dbb695ab7b73dc9ef8e10d06a864fe.wav,True
16788,dev/fa86970c444d92fd6b209a5bf6e7c632.wav,processed/v1/audio/dev/fa86970c444d92fd6b209a5bf6e7c632.wav,True
3970,dev/ee82e60f55784b9a89596b3b1c0a21e8.wav,processed/v1/audio/dev/ee82e60f55784b9a89596b3b1c0a21e8.wav,True
13978,dev/62adc4598ef6b8b4d52b8d634154a219.wav,processed/v1/audio/dev/62adc4598ef6b8b4d52b8d634154a219.wav,True
4900,dev/c0eda0b9c9e4e8ab6223965e96bb0990.wav,processed/v1/audio/dev/c0eda0b9c9e4e8ab6223965e96bb0990.wav,True
15015,dev/c812edc9c268c4b5397c3fcd2fc377d3.wav,processed/v1/audio/dev/c812edc9c268c4b5397c3fcd2fc377d3.wav,True
5436,dev/08803544868969e088a4f72777402d12.wav,processed/v1/audio/dev/08803544868969e088a4f72777402d12.wav,True
14721,dev/ff7b9d4ca38bf0ea6815b08722c332f4.wav,processed/v1/audio/dev/ff7b9d4ca38bf0ea6815b08722c332f4.wav,True
6548,dev/159d8e7a9315d82de810f9af189191fa.wav,processed/v1/audio/dev/159d8e7a9315d82de810f9af189191fa.wav,True
5154,dev/03311753afa2e105b6791dbfcf11b5ba.wav,processed/v1/audio/dev/03311753afa2e105b6791dbfcf11b5ba.wav,True
11333,dev/7134c4b6ca7ec6cd5ef29a05c4bce5ed.wav,processed/v1/audio/dev/7134c4b6ca7ec6cd5ef29a05c4bce5ed.wav,True
10488,dev/5a22941818974a15441f883e058c2114.wav,processed/v1/audio/dev/5a22941818974a15441f883e058c2114.wav,True
16396,dev/bac848b6d85f2e343735c7955b07c10b.wav,processed/v1/audio/dev/bac848b6d85f2e343735c7955b07c10b.wav,True
3285,dev/6ac312e81be989aab3bf2a54ebd87790.wav,processed/v1/audio/dev/6ac312e81be989aab3bf2a54ebd87790.wav,True
30,dev/5efe14e8b6e010c356bade507489a7bd.wav,processed/v1/audio/dev/5efe14e8b6e010c356bade507489a7bd.wav,True
13938,dev/8bd1017658485b2b7efa3dec4ef18597.wav,processed/v1/audio/dev/8bd1017658485b2b7efa3dec4ef18597.wav,True
2303,dev/b4ef0aa96a46cdfaece1fee3b4548fe5.wav,processed/v1/audio/dev/b4ef0aa96a46cdfaece1fee3b4548fe5.wav,True
15581,dev/4a0961d85ff9ab38ffdc348d21ee8015.wav,processed/v1/audio/dev/4a0961d85ff9ab38ffdc348d21ee8015.wav,True
6558,dev/6c3d4943fb953d4f2e21554a0d5c4c1d.wav,processed/v1/audio/dev/6c3d4943fb953d4f2e21554a0d5c4c1d.wav,True
2834,dev/aa422f1f362ecaa7150d30fbc918188a.wav,processed/v1/audio/dev/aa422f1f362ecaa7150d30fbc918188a.wav,True
9355,dev/6449ca6d9f720aed8087a0b11e263a64.wav,processed/v1/audio/dev/6449ca6d9f720aed8087a0b11e263a64.wav,True
4497,dev/f14b5edd97477516efff0ac6c636851c.wav,processed/v1/audio/dev/f14b5edd97477516efff0ac6c636851c.wav,True
13859,dev/a16ae75500e7b0d9b681328d16861116.wav,processed/v1/audio/dev/a16ae75500e7b0d9b681328d16861116.wav,True
10290,dev/ca3c708697b5100f03783e5c0838097a.wav,processed/v1/audio/dev/ca3c708697b5100f03783e5c0838097a.wav,True
1222,dev/f3880a046156159d4b0ebb7d5d18267e.wav,processed/v1/audio/dev/f3880a046156159d4b0ebb7d5d18267e.wav,True
6990,dev/92efd117af420f46bef381659d917481.wav,processed/v1/audio/dev/92efd117af420f46bef381659d917481.wav,True
4481,dev/eb2ff25796a03d98d92ccc1f5735652e.wav,processed/v1/audio/dev/eb2ff25796a03d98d92ccc1f5735652e.wav,True
9123,dev/67d6a7710b97d2fe4493945163b2ec64.wav,processed/v1/audio/dev/67d6a7710b97d2fe4493945163b2ec64.wav,True
13499,dev/84a0dfcd11a34b122a3ee77e2ed980e5.wav,processed/v1/audio/dev/84a0dfcd11a34b122a3ee77e2ed980e5.wav,True
14775,dev/c850ead525c66b9f1cbb05053ccf134d.wav,processed/v1/audio/dev/c850ead525c66b9f1cbb05053ccf134d.wav,True
7675,dev/d49df1f59ec84b515d9f6dcf4e0ec3df.wav,processed/v1/audio/dev/d49df1f59ec84b515d9f6dcf4e0ec3df.wav,True
8329,dev/8b06dcd611e40dbfe48ca34eba8b06ca.wav,processed/v1/audio/dev/8b06dcd611e40dbfe48ca34eba8b06ca.wav,True
4582,dev/6b9a75cc41ada4394e086c8545fbafb8.wav,processed/v1/audio/dev/6b9a75cc41ada4394e086c8545fbafb8.wav,True
15632,dev/13ef4bc6f91b9d9231f18b93aaf7acfa.wav,processed/v1/audio/dev/13ef4bc6f91b9d9231f18b93aaf7acfa.wav,True
15193,dev/f9d35fb7408a17c1d8d4fb2bc2e6292f.wav,processed/v1/audio/dev/f9d35fb7408a17c1d8d4fb2bc2e6292f.wav,True
13271,dev/354fc3f1ca9964c61f5ba0de9baaa100.wav,processed/v1/audio/dev/354fc3f1ca9964c61f5ba0de9baaa100.wav,True
230,dev/be3c176f9b3b1f36e15dd24320b0babb.wav,processed/v1/audio/dev/be3c176f9b3b1f36e15dd24320b0babb.wav,True
415,dev/ff161bd7b0386737f19205ec3aa886ff.wav,processed/v1/audio/dev/ff161bd7b0386737f19205ec3aa886ff.wav,True
1224,dev/249b9cea948fd605b0afa3ef01ea2e38.wav,processed/v1/audio/dev/249b9cea948fd605b0afa3ef01ea2e38.wav,True
13875,dev/c614c1c428bd0c99a04a1eb699e55e72.wav,processed/v1/audio/dev/c614c1c428bd0c99a04a1eb699e55e72.wav,True
12247,dev/e6274c82d5e9156653e0a5d073e5edc9.wav,processed/v1/audio/dev/e6274c82d5e9156653e0a5d073e5edc9.wav,True
12980,dev/db4363f9987795f696095ff602b6e936.wav,processed/v1/audio/dev/db4363f9987795f696095ff602b6e936.wav,True
13645,dev/9a81588b03351754cf833a08e46ae9dc.wav,processed/v1/audio/dev/9a81588b03351754cf833a08e46ae9dc.wav,True
8384,dev/1b0198e0590824a443eb866589c973c2.wav,processed/v1/audio/dev/1b0198e0590824a443eb866589c973c2.wav,True
15374,dev/a381a27fdfe4b7cee0786677e86f674e.wav,processed/v1/audio/dev/a381a27fdfe4b7cee0786677e86f674e.wav,True
16448,dev/7c260acea91e85a6aee432cf05bd8dea.wav,processed/v1/audio/dev/7c260acea91e85a6aee432cf05bd8dea.wav,True
10941,dev/d03b7b1be0618780c06face096b7f19f.wav,processed/v1/audio/dev/d03b7b1be0618780c06face096b7f19f.wav,True
896,dev/a636a7171f31493ee8226d4eb060ce45.wav,processed/v1/audio/dev/a636a7171f31493ee8226d4eb060ce45.wav,True
3166,dev/d7f5624b8de6bd68419348b718b48f9f.wav,processed/v1/audio/dev/d7f5624b8de6bd68419348b718b48f9f.wav,True
5793,dev/718c46c037348a23c4e8a5aa5768f2de.wav,processed/v1/audio/dev/718c46c037348a23c4e8a5aa5768f2de.wav,True
3840,dev/2f98a451929513d9367fdddf724dddb2.wav,processed/v1/audio/dev/2f98a451929513d9367fdddf724dddb2.wav,True
5854,dev/cc7c5aa3a08423fb37c96b2294a74797.wav,processed/v1/audio/dev/cc7c5aa3a08423fb37c96b2294a74797.wav,True
7016,dev/757ffa6788763cb4f9746af8c91baa3f.wav,processed/v1/audio/dev/757ffa6788763cb4f9746af8c91baa3f.wav,True
5621,dev/de6e5bd2fa2d6390a18b41184b05b1b2.wav,processed/v1/audio/dev/de6e5bd2fa2d6390a18b41184b05b1b2.wav,True
10746,dev/20c9519d53b53555bb1c81684c5b44bb.wav,processed/v1/audio/dev/20c9519d53b53555bb1c81684c5b44bb.wav,True
536,dev/a4c713b074ab32d6a1655392d5225cd0.wav,processed/v1/audio/dev/a4c713b074ab32d6a1655392d5225cd0.wav,True
13720,dev/a1297792f70694aa58fb0ff80ea55262.wav,processed/v1/audio/dev/a1297792f70694aa58fb0ff80ea55262.wav,True
12464,dev/7310ed8eac52a8e24a0422cce4eb4715.wav,processed/v1/audio/dev/7310ed8eac52a8e24a0422cce4eb4715.wav,True
6875,dev/7565c31739f94ac317a5bff1decddea1.wav,processed/v1/audio/dev/7565c31739f94ac317a5bff1decddea1.wav,True
16848,dev/2e562127443ff912260060535d13c3be.wav,processed/v1/audio/dev/2e562127443ff912260060535d13c3be.wav,True
5937,dev/eb4e5836c3bf6ec703105a22687f34df.wav,processed/v1/audio/dev/eb4e5836c3bf6ec703105a22687f34df.wav,True
638,dev/155cca65ad25ae6dac61e89da9d8c072.wav,processed/v1/audio/dev/155cca65ad25ae6dac61e89da9d8c072.wav,True
10364,dev/4dbf2b2e26e2a585d2e286190ea83747.wav,processed/v1/audio/dev/4dbf2b2e26e2a585d2e286190ea83747.wav,True
12451,dev/336db92681b0de35bcaff63fdfe582f6.wav,processed/v1/audio/dev/336db92681b0de35bcaff63fdfe582f6.wav,True
2600,dev/0096024bfdf3cc018eb6c9ee357c62ae.wav,processed/v1/audio/dev/0096024bfdf3cc018eb6c9ee357c62ae.wav,True
3082,dev/be17e5da7cb2b7679904026db3315489.wav,processed/v1/audio/dev/be17e5da7cb2b7679904026db3315489.wav,True
8258,dev/a74fd7808ccb3d90880d813bdd791ff9.wav,processed/v1/audio/dev/a74fd7808ccb3d90880d813bdd791ff9.wav,True
12441,dev/0e40bd6874771534533d36ada8071149.wav,processed/v1/audio/dev/0e40bd6874771534533d36ada8071149.wav,True
11721,dev/eb764555652d67223b0b19f539c50e90.wav,processed/v1/audio/dev/eb764555652d67223b0b19f539c50e90.wav,True
9834,dev/6e7e2e33f2b2708800ab2eb0f4b99e5d.wav,processed/v1/audio/dev/6e7e2e33f2b2708800ab2eb0f4b99e5d.wav,True
318,dev/286015dc29b95efa03e01ba46dd118fb.wav,processed/v1/audio/dev/286015dc29b95efa03e01ba46dd118fb.wav,True
15541,dev/769b58a376a3352244a5aa9bb09c2485.wav,processed/v1/audio/dev/769b58a376a3352244a5aa9bb09c2485.wav,True
16769,dev/8edf642c997bd8cd75418b9e8c8e41ce.wav,processed/v1/audio/dev/8edf642c997bd8cd75418b9e8c8e41ce.wav,True
14384,dev/a63f4234692ed8e952448a8d69754cfb.wav,processed/v1/audio/dev/a63f4234692ed8e952448a8d69754cfb.wav,True
9876,dev/d6c15a6f3969aef645e7aca5df5c3c8f.wav,processed/v1/audio/dev/d6c15a6f3969aef645e7aca5df5c3c8f.wav,True
6827,dev/9f1302cc71eb318d6c261534c5704d5d.wav,processed/v1/audio/dev/9f1302cc71eb318d6c261534c5704d5d.wav,True
6136,dev/862d785635792a411b9637ac934d9985.wav,processed/v1/audio/dev/862d785635792a411b9637ac934d9985.wav,True
237,dev/78da28fd1c24c3173163663ed27b6e0a.wav,processed/v1/audio/dev/78da28fd1c24c3173163663ed27b6e0a.wav,True
9840,dev/0817cb913f962ec154fb9a3585903ce2.wav,processed/v1/audio/dev/0817cb913f962ec154fb9a3585903ce2.wav,True
1877,dev/d5ad16a936230bf3681bf3d6f145ac2b.wav,processed/v1/audio/dev/d5ad16a936230bf3681bf3d6f145ac2b.wav,True
5561,dev/e24ee2e8189728f21c2ddfb93f498f73.wav,processed/v1/audio/dev/e24ee2e8189728f21c2ddfb93f498f73.wav,True
5604,dev/a94c00610f68b3347643d73a536c0562.wav,processed/v1/audio/dev/a94c00610f68b3347643d73a536c0562.wav,True
3464,dev/ac3191bdfd58acde9b4842314ca04efc.wav,processed/v1/audio/dev/ac3191bdfd58acde9b4842314ca04efc.wav,True
10186,dev/27b1710ea90ffc9e83c48285ec4f44a0.wav,processed/v1/audio/dev/27b1710ea90ffc9e83c48285ec4f44a0.wav,True
12267,dev/9c302922f1ed4aa7d86889de8f3a56ec.wav,processed/v1/audio/dev/9c302922f1ed4aa7d86889de8f3a56ec.wav,True
13788,dev/1fcbfaa838c762d70832435d062b79c3.wav,processed/v1/audio/dev/1fcbfaa838c762d70832435d062b79c3.wav,True
8063,dev/728ed386ef7e7c80da0f3d475ab02f18.wav,processed/v1/audio/dev/728ed386ef7e7c80da0f3d475ab02f18.wav,True
2464,dev/83e08c1f90b1b28e98504c7541da3cd0.wav,processed/v1/audio/dev/83e08c1f90b1b28e98504c7541da3cd0.wav,True
8707,dev/dac25805db5ead84209e36911409592c.wav,processed/v1/audio/dev/dac25805db5ead84209e36911409592c.wav,True
2115,dev/86f66e9aea7ec13f96827846089f0070.wav,processed/v1/audio/dev/86f66e9aea7ec13f96827846089f0070.wav,True
7738,dev/c29d4e9d2ed13ad0dd3782514b5a8d87.wav,processed/v1/audio/dev/c29d4e9d2ed13ad0dd3782514b5a8d87.wav,True
12783,dev/cf24a82ec9e236728ab63a86415b6753.wav,processed/v1/audio/dev/cf24a82ec9e236728ab63a86415b6753.wav,True
617,dev/87c12942c3f2b5289287c69be9212698.wav,processed/v1/audio/dev/87c12942c3f2b5289287c69be9212698.wav,True
15858,dev/446a5d565302f3c79b6223116c930aa7.wav,processed/v1/audio/dev/446a5d565302f3c79b6223116c930aa7.wav,True
13549,dev/a04e13d712444a0902704dd5a1e609c4.wav,processed/v1/audio/dev/a04e13d712444a0902704dd5a1e609c4.wav,True
8418,dev/5043df9aaff2b342ce75c485c8f62ee2.wav,processed/v1/audio/dev/5043df9aaff2b342ce75c485c8f62ee2.wav,True
6259,dev/c123ca71a35d5d46231de8d53d6909e4.wav,processed/v1/audio/dev/c123ca71a35d5d46231de8d53d6909e4.wav,True
14635,dev/9995cf376393f3b85f93397b4812c0df.wav,processed/v1/audio/dev/9995cf376393f3b85f93397b4812c0df.wav,True
835,dev/413d85fa63d54fad28e8b1591a9cba31.wav,processed/v1/audio/dev/413d85fa63d54fad28e8b1591a9cba31.wav,True
3151,dev/05ba7846b4ecb253d55905569dd216dd.wav,processed/v1/audio/dev/05ba7846b4ecb253d55905569dd216dd.wav,True
10751,dev/1b043f3db61e11a1a18e115c5027d26d.wav,processed/v1/audio/dev/1b043f3db61e11a1a18e115c5027d26d.wav,True
13724,dev/d0872f61e9ce4a63d88177fcab57430a.wav,processed/v1/audio/dev/d0872f61e9ce4a63d88177fcab57430a.wav,True
9534,dev/6e9fd58ce5d41d0db83130c4f3305bfa.wav,processed/v1/audio/dev/6e9fd58ce5d41d0db83130c4f3305bfa.wav,True
7305,dev/ef1ed72aef58aa911988663ba0ce6009.wav,processed/v1/audio/dev/ef1ed72aef58aa911988663ba0ce6009.wav,True
11,dev/7bb2713815e67b402d4f3314d7b9545f.wav,processed/v1/audio/dev/7bb2713815e67b402d4f3314d7b9545f.wav,True
16184,dev/9a1f5f5801d298ea511af5c67ea11497.wav,processed/v1/audio/dev/9a1f5f5801d298ea511af5c67ea11497.wav,True
9253,dev/97b758b700222cbcf17d6fe406772464.wav,processed/v1/audio/dev/97b758b700222cbcf17d6fe406772464.wav,True
7341,dev/f2788df3acd6d4e14eec428e2c351bf4.wav,processed/v1/audio/dev/f2788df3acd6d4e14eec428e2c351bf4.wav,True
3194,dev/1dfe14a9b7ee079a50288eb0c00bc5d1.wav,processed/v1/audio/dev/1dfe14a9b7ee079a50288eb0c00bc5d1.wav,True
6115,dev/a54632dd9fe659f545afaadb79d7bb69.wav,processed/v1/audio/dev/a54632dd9fe659f545afaadb79d7bb69.wav,True
17076,dev/b48fdd540077702204aa243f692fe5c7.wav,processed/v1/audio/dev/b48fdd540077702204aa243f692fe5c7.wav,True
3588,dev/d7e20f5968cfd26331718ee7d3b593a8.wav,processed/v1/audio/dev/d7e20f5968cfd26331718ee7d3b593a8.wav,True
16445,dev/6cfc241c359dfe9a3a60006b7161b15e.wav,processed/v1/audio/dev/6cfc241c359dfe9a3a60006b7161b15e.wav,True
11370,dev/df5c87e634f061ad26f1672402998831.wav,processed/v1/audio/dev/df5c87e634f061ad26f1672402998831.wav,True
9500,dev/7c6d0870f307bfc0b6764dd4b085412c.wav,processed/v1/audio/dev/7c6d0870f307bfc0b6764dd4b085412c.wav,True
14212,dev/27fca3c27239e84f9c4290b61ee85c38.wav,processed/v1/audio/dev/27fca3c27239e84f9c4290b61ee85c38.wav,True
13643,dev/6a41f026fec0c1ced2a168751fc3e727.wav,processed/v1/audio/dev/6a41f026fec0c1ced2a168751fc3e727.wav,True
2757,dev/30e776e43901b47e9b7d82d55523f7af.wav,processed/v1/audio/dev/30e776e43901b47e9b7d82d55523f7af.wav,True
4175,dev/6aae921bad3b7d25901a1220eee11b1e.wav,processed/v1/audio/dev/6aae921bad3b7d25901a1220eee11b1e.wav,True
538,dev/2f0ce8bd0d89b1fcf51987467c1e9388.wav,processed/v1/audio/dev/2f0ce8bd0d89b1fcf51987467c1e9388.wav,True
14175,dev/25a0ddaecd68bdc6014947a70caa8ee5.wav,processed/v1/audio/dev/25a0ddaecd68bdc6014947a70caa8ee5.wav,True
14390,dev/8c0c147f9bbe43d6e9e90403d4abe2fb.wav,processed/v1/audio/dev/8c0c147f9bbe43d6e9e90403d4abe2fb.wav,True
4287,dev/f75c91391a48b0fd98366304693931b0.wav,processed/v1/audio/dev/f75c91391a48b0fd98366304693931b0.wav,True
14827,dev/8823bdbb5c49dac42c8518e71aee7f8f.wav,processed/v1/audio/dev/8823bdbb5c49dac42c8518e71aee7f8f.wav,True
4941,dev/d786fbd9a4343a52737f793318f64525.wav,processed/v1/audio/dev/d786fbd9a4343a52737f793318f64525.wav,True
9249,dev/07bebebc4d954e955ef06c127495ebfc.wav,processed/v1/audio/dev/07bebebc4d954e955ef06c127495ebfc.wav,True
14920,dev/42e06bb79fb0a64d8d77519123d3f9f7.wav,processed/v1/audio/dev/42e06bb79fb0a64d8d77519123d3f9f7.wav,True
8447,dev/37fcafcaf4f0292da0a27ea3443cb805.wav,processed/v1/audio/dev/37fcafcaf4f0292da0a27ea3443cb805.wav,True
11933,dev/b26757c80825887b6ec836fe6d4e5d57.wav,processed/v1/audio/dev/b26757c80825887b6ec836fe6d4e5d57.wav,True
12692,dev/7e597d9361bf3f320c5d4e9a13c48933.wav,processed/v1/audio/dev/7e597d9361bf3f320c5d4e9a13c48933.wav,True
6236,dev/d6b3a485adca2dfc275faf09ca5dcaf2.wav,processed/v1/audio/dev/d6b3a485adca2dfc275faf09ca5dcaf2.wav,True
5456,dev/6fdefe552309a63595342c970b6a9f35.wav,processed/v1/audio/dev/6fdefe552309a63595342c970b6a9f35.wav,True
4156,dev/2ad069f738aeb5a71bddc85dae747c06.wav,processed/v1/audio/dev/2ad069f738aeb5a71bddc85dae747c06.wav,True
10626,dev/dadf3c7cc64d7b97753ad5e7db44c162.wav,processed/v1/audio/dev/dadf3c7cc64d7b97753ad5e7db44c162.wav,True
1664,dev/02f79e04fb75787762c2121ec862693c.wav,processed/v1/audio/dev/02f79e04fb75787762c2121ec862693c.wav,True
11419,dev/d2f9662f19a41f168ba59e5504fe2be0.wav,processed/v1/audio/dev/d2f9662f19a41f168ba59e5504fe2be0.wav,True
7571,dev/e10ffb0d0288aefb3a40a566ca62e39f.wav,processed/v1/audio/dev/e10ffb0d0288aefb3a40a566ca62e39f.wav,True
12674,dev/061db8d10785608cacb2d05f014cb8c1.wav,processed/v1/audio/dev/061db8d10785608cacb2d05f014cb8c1.wav,True
12205,dev/a41868b2ba67bb4602e9821a84457e51.wav,processed/v1/audio/dev/a41868b2ba67bb4602e9821a84457e51.wav,True
6927,dev/e7dbd8229e10e0bd781f5eee540c0733.wav,processed/v1/audio/dev/e7dbd8229e10e0bd781f5eee540c0733.wav,True
15375,dev/2ddd3a649163f1f6d273ad4d863232bc.wav,processed/v1/audio/dev/2ddd3a649163f1f6d273ad4d863232bc.wav,True
10039,dev/8859b68d413863e450c557d791b80803.wav,processed/v1/audio/dev/8859b68d413863e450c557d791b80803.wav,True
10730,dev/e7fdf5d1569b8551d11f9b14e98994d5.wav,processed/v1/audio/dev/e7fdf5d1569b8551d11f9b14e98994d5.wav,True
12095,dev/eb1bb3c8450e80dc517e1003705fdd31.wav,processed/v1/audio/dev/eb1bb3c8450e80dc517e1003705fdd31.wav,True
3613,dev/35ac2f399f375adcfc046eaea8fd8d1f.wav,processed/v1/audio/dev/35ac2f399f375adcfc046eaea8fd8d1f.wav,True
10988,dev/6d10659ee06aa6479c1485da84300895.wav,processed/v1/audio/dev/6d10659ee06aa6479c1485da84300895.wav,True
14320,dev/0ee6bc813e7b21a992a9c3ce45a52109.wav,processed/v1/audio/dev/0ee6bc813e7b21a992a9c3ce45a52109.wav,True
476,dev/d8b7723da5185d137615322db3b6f43f.wav,processed/v1/audio/dev/d8b7723da5185d137615322db3b6f43f.wav,True
11065,dev/efc34ade35378086f2d5fbce7ba56929.wav,processed/v1/audio/dev/efc34ade35378086f2d5fbce7ba56929.wav,True
2919,dev/2937c74cdcefde5d5d86416e6fb4a8e4.wav,processed/v1/audio/dev/2937c74cdcefde5d5d86416e6fb4a8e4.wav,True
7223,dev/3a91a5fe431e30d3cae0bcd031191e23.wav,processed/v1/audio/dev/3a91a5fe431e30d3cae0bcd031191e23.wav,True
8655,dev/9ed8df1a384d99c118e3bdba4f9260a9.wav,processed/v1/audio/dev/9ed8df1a384d99c118e3bdba4f9260a9.wav,True
13228,dev/64b4e9f8e7c0ed639696d261dfe9121d.wav,processed/v1/audio/dev/64b4e9f8e7c0ed639696d261dfe9121d.wav,True
10854,dev/5c437ec638bfbccc0a9eaccfdcdd9692.wav,processed/v1/audio/dev/5c437ec638bfbccc0a9eaccfdcdd9692.wav,True
3898,dev/bf174479dbe2c29ba16376468a71f7c0.wav,processed/v1/audio/dev/bf174479dbe2c29ba16376468a71f7c0.wav,True
4302,dev/087747536cc6f49289ff6ac1a5eff34e.wav,processed/v1/audio/dev/087747536cc6f49289ff6ac1a5eff34e.wav,True
13804,dev/687658cb06d57d5b3de7f4f8a1fb0899.wav,processed/v1/audio/dev/687658cb06d57d5b3de7f4f8a1fb0899.wav,True
13455,dev/56ac0ba1ab915e637febccce4d1f7684.wav,processed/v1/audio/dev/56ac0ba1ab915e637febccce4d1f7684.wav,True
10967,dev/ca131b40ad482ab48a67c6043eb9cf57.wav,processed/v1/audio/dev/ca131b40ad482ab48a67c6043eb9cf57.wav,True
5770,dev/16581e716141b0eb9e8c8923f81d875a.wav,processed/v1/audio/dev/16581e716141b0eb9e8c8923f81d875a.wav,True
8984,dev/6a26adebf5cb007a71cc2d0ffdfad58c.wav,processed/v1/audio/dev/6a26adebf5cb007a71cc2d0ffdfad58c.wav,True
13795,dev/1fbd032167d9586076899e144901d237.wav,processed/v1/audio/dev/1fbd032167d9586076899e144901d237.wav,True
9709,dev/8dc7ae504903ed6d4f3d8428987c2f30.wav,processed/v1/audio/dev/8dc7ae504903ed6d4f3d8428987c2f30.wav,True
11711,dev/a4a1d782c1a5a7db6dc97a53412402bf.wav,processed/v1/audio/dev/a4a1d782c1a5a7db6dc97a53412402bf.wav,True
4827,dev/176c18bdbd4e9cdb13c1cc3db91f953d.wav,processed/v1/audio/dev/176c18bdbd4e9cdb13c1cc3db91f953d.wav,True
12654,dev/53550c66355cbbdaac63da2a28eab1cd.wav,processed/v1/audio/dev/53550c66355cbbdaac63da2a28eab1cd.wav,True
6170,dev/5c84514e36a945ae7a060694e2af1f4e.wav,processed/v1/audio/dev/5c84514e36a945ae7a060694e2af1f4e.wav,True
2641,dev/44a0c5e9d9aad4c4db64b634ebd66e5e.wav,processed/v1/audio/dev/44a0c5e9d9aad4c4db64b634ebd66e5e.wav,True
4786,dev/6f8060130c5f89ff68371bf094c3cf32.wav,processed/v1/audio/dev/6f8060130c5f89ff68371bf094c3cf32.wav,True
14452,dev/f03a518699fddfd46adfbf008be996a5.wav,processed/v1/audio/dev/f03a518699fddfd46adfbf008be996a5.wav,True
10616,dev/947b5ff19bfbc09cd4aa90c1038ded67.wav,processed/v1/audio/dev/947b5ff19bfbc09cd4aa90c1038ded67.wav,True
2821,dev/41057312d582c7598e69f4ca398e257c.wav,processed/v1/audio/dev/41057312d582c7598e69f4ca398e257c.wav,True
7310,dev/8d74d72b80f84c9b26566fbb745e89e6.wav,processed/v1/audio/dev/8d74d72b80f84c9b26566fbb745e89e6.wav,True
16843,dev/156d2d41588efa0b6e0e5aa0a72efe1f.wav,processed/v1/audio/dev/156d2d41588efa0b6e0e5aa0a72efe1f.wav,True
8385,dev/aa68fab920677bb5f1d6fc676359e778.wav,processed/v1/audio/dev/aa68fab920677bb5f1d6fc676359e778.wav,True
6873,dev/d61a3d666153e2179fec619604d1d20a.wav,processed/v1/audio/dev/d61a3d666153e2179fec619604d1d20a.wav,True
6009,dev/2dfc2bb87066c5b137920ca95db40222.wav,processed/v1/audio/dev/2dfc2bb87066c5b137920ca95db40222.wav,True
13658,dev/1e2f7dbac4b3c8c7ab66a5389067442a.wav,processed/v1/audio/dev/1e2f7dbac4b3c8c7ab66a5389067442a.wav,True
8057,dev/be44efd34860ad14afc8bcca2cfc6d9d.wav,processed/v1/audio/dev/be44efd34860ad14afc8bcca2cfc6d9d.wav,True
15861,dev/1ad3c28ba7717dec6f31b4f2f6d3934e.wav,processed/v1/audio/dev/1ad3c28ba7717dec6f31b4f2f6d3934e.wav,True
14007,dev/9d48838d318de8e266d5262ccd44d032.wav,processed/v1/audio/dev/9d48838d318de8e266d5262ccd44d032.wav,True
14924,dev/2732cd6c935b3083d95d726fd6f420ea.wav,processed/v1/audio/dev/2732cd6c935b3083d95d726fd6f420ea.wav,True
9743,dev/e2204f67c763405ac92d5e5726cd68cc.wav,processed/v1/audio/dev/e2204f67c763405ac92d5e5726cd68cc.wav,True
13319,dev/a31e5fd6b90ee4b5dadd092678eb9474.wav,processed/v1/audio/dev/a31e5fd6b90ee4b5dadd092678eb9474.wav,True
15242,dev/76c03302eddfcf77fcea504ce878503c.wav,processed/v1/audio/dev/76c03302eddfcf77fcea504ce878503c.wav,True
444,dev/0c8949a937e89b35b23369a88c4a40f1.wav,processed/v1/audio/dev/0c8949a937e89b35b23369a88c4a40f1.wav,True
9775,dev/d1d67acbb208fa7240c34dfac0a49d23.wav,processed/v1/audio/dev/d1d67acbb208fa7240c34dfac0a49d23.wav,True
2154,dev/f8e53c0e8edca158c6f4349b5fa2ecae.wav,processed/v1/audio/dev/f8e53c0e8edca158c6f4349b5fa2ecae.wav,True
10242,dev/246348a7c24c6748802186ad9b92923d.wav,processed/v1/audio/dev/246348a7c24c6748802186ad9b92923d.wav,True
4836,dev/d32e0236234a98cd39e6f2bcf60dc874.wav,processed/v1/audio/dev/d32e0236234a98cd39e6f2bcf60dc874.wav,True
15478,dev/fe65adb19f34949e799bbf10fab611af.wav,processed/v1/audio/dev/fe65adb19f34949e799bbf10fab611af.wav,True
12039,dev/3ab9d16136930f8997b5b01c93e0e24d.wav,processed/v1/audio/dev/3ab9d16136930f8997b5b01c93e0e24d.wav,True
3004,dev/b61c1c702010a50aef5683fb8802ffe1.wav,processed/v1/audio/dev/b61c1c702010a50aef5683fb8802ffe1.wav,True
9765,dev/90313b71d56dcc103554554ff7ca6215.wav,processed/v1/audio/dev/90313b71d56dcc103554554ff7ca6215.wav,True
14087,dev/0b25223e5bf92ecd533f57fff56b5a10.wav,processed/v1/audio/dev/0b25223e5bf92ecd533f57fff56b5a10.wav,True
7136,dev/2988956b2806dedf5e40e2311f19b8aa.wav,processed/v1/audio/dev/2988956b2806dedf5e40e2311f19b8aa.wav,True
13480,dev/15297cd56c4729c8046c8161c094fa5f.wav,processed/v1/audio/dev/15297cd56c4729c8046c8161c094fa5f.wav,True
16586,dev/ee29f60fd057defdd79f9689d62d0bea.wav,processed/v1/audio/dev/ee29f60fd057defdd79f9689d62d0bea.wav,True
8263,dev/59ad202007f5b5d5734306b9f3c0a355.wav,processed/v1/audio/dev/59ad202007f5b5d5734306b9f3c0a355.wav,True
9082,dev/d16d3476b6c70918946a9fb10e3f9276.wav,processed/v1/audio/dev/d16d3476b6c70918946a9fb10e3f9276.wav,True
7112,dev/95a625be861590c83510afc146092265.wav,processed/v1/audio/dev/95a625be861590c83510afc146092265.wav,True
7229,dev/2b8d47a618002b24ad1c81f63e3ca3f1.wav,processed/v1/audio/dev/2b8d47a618002b24ad1c81f63e3ca3f1.wav,True
11109,dev/5b1931ff31da632b16fd6ba90a401fb7.wav,processed/v1/audio/dev/5b1931ff31da632b16fd6ba90a401fb7.wav,True
12527,dev/236600464274ded0d3124ea4fffbf2c4.wav,processed/v1/audio/dev/236600464274ded0d3124ea4fffbf2c4.wav,True
115,dev/819eb35d06bd2625786fc033e781efd2.wav,processed/v1/audio/dev/819eb35d06bd2625786fc033e781efd2.wav,True
10870,dev/9b922c558951b3a4fad7a4ee7b857122.wav,processed/v1/audio/dev/9b922c558951b3a4fad7a4ee7b857122.wav,True
9190,dev/eafe88da09a0d074c5780b3b5f85cc62.wav,processed/v1/audio/dev/eafe88da09a0d074c5780b3b5f85cc62.wav,True
1357,dev/46c4536b09351a9180c0867fafe2ca44.wav,processed/v1/audio/dev/46c4536b09351a9180c0867fafe2ca44.wav,True
4532,dev/066aa90421084d1156f33dd9a60570ee.wav,processed/v1/audio/dev/066aa90421084d1156f33dd9a60570ee.wav,True
2092,dev/13adfdb14cd986469f08b9bf3e9bcd49.wav,processed/v1/audio/dev/13adfdb14cd986469f08b9bf3e9bcd49.wav,True
9447,dev/cb0312a623f9c95281addae3353949c1.wav,processed/v1/audio/dev/cb0312a623f9c95281addae3353949c1.wav,True
5242,dev/92f835cc9321367fddf5cd89afa4a336.wav,processed/v1/audio/dev/92f835cc9321367fddf5cd89afa4a336.wav,True
12888,dev/3125b33aa23f9bca9151b1238375682d.wav,processed/v1/audio/dev/3125b33aa23f9bca9151b1238375682d.wav,True
1544,dev/e3574ede319ccada5bcab08b07ae6ae2.wav,processed/v1/audio/dev/e3574ede319ccada5bcab08b07ae6ae2.wav,True
4908,dev/77d4f05aca6cc3bd5ea5df5f61398cda.wav,processed/v1/audio/dev/77d4f05aca6cc3bd5ea5df5f61398cda.wav,True
3609,dev/99e3ddd2e8cb8b44a83a59ef2c3db8cc.wav,processed/v1/audio/dev/99e3ddd2e8cb8b44a83a59ef2c3db8cc.wav,True
2282,dev/e84113e2d66c2e9ab6525f2bc708374b.wav,processed/v1/audio/dev/e84113e2d66c2e9ab6525f2bc708374b.wav,True
14492,dev/518d1e9e0ad252236612963507d39ad3.wav,processed/v1/audio/dev/518d1e9e0ad252236612963507d39ad3.wav,True
15460,dev/e1bb228c6291309786a5a6d679ff6a3c.wav,processed/v1/audio/dev/e1bb228c6291309786a5a6d679ff6a3c.wav,True
16768,dev/42cf0f831051370d99d585ed2bf06cd5.wav,processed/v1/audio/dev/42cf0f831051370d99d585ed2bf06cd5.wav,True
4619,dev/e5b82a963a818b381e9bfe96668249f0.wav,processed/v1/audio/dev/e5b82a963a818b381e9bfe96668249f0.wav,True
2741,dev/89f04651d267cf0b0917e152b650dc7d.wav,processed/v1/audio/dev/89f04651d267cf0b0917e152b650dc7d.wav,True
16081,dev/f841187fb78a1c9d93e99caf7fad8c7e.wav,processed/v1/audio/dev/f841187fb78a1c9d93e99caf7fad8c7e.wav,True
8160,dev/a58045cb531b4781ec99b683d9b1abee.wav,processed/v1/audio/dev/a58045cb531b4781ec99b683d9b1abee.wav,True
12217,dev/a25ce07fe76dc6dd5f2be9cd858c33a3.wav,processed/v1/audio/dev/a25ce07fe76dc6dd5f2be9cd858c33a3.wav,True
8677,dev/79cbef7c60e88738d26bdc55af6cf747.wav,processed/v1/audio/dev/79cbef7c60e88738d26bdc55af6cf747.wav,True
16442,dev/6a9109e3098002a04a75bb08afefedc8.wav,processed/v1/audio/dev/6a9109e3098002a04a75bb08afefedc8.wav,True
8132,dev/c22c468d531a422d17c183069fff5737.wav,processed/v1/audio/dev/c22c468d531a422d17c183069fff5737.wav,True
7517,dev/2911e404dd2a1a2739286360f941015f.wav,processed/v1/audio/dev/2911e404dd2a1a2739286360f941015f.wav,True
1277,dev/b8ac64b040c6bd46caf69db855b16f52.wav,processed/v1/audio/dev/b8ac64b040c6bd46caf69db855b16f52.wav,True
3875,dev/08d2e376d8c5edef3b09b6133951acab.wav,processed/v1/audio/dev/08d2e376d8c5edef3b09b6133951acab.wav,True
11061,dev/0c90719cdce2da96f64f73c067b65d6d.wav,processed/v1/audio/dev/0c90719cdce2da96f64f73c067b65d6d.wav,True
9907,dev/2478ef32da67acd332e645a1037da684.wav,processed/v1/audio/dev/2478ef32da67acd332e645a1037da684.wav,True
8895,dev/d8b71137b98296937678d8ea6ac514cf.wav,processed/v1/audio/dev/d8b71137b98296937678d8ea6ac514cf.wav,True
8699,dev/aefdcd134c4655820c52c59111761279.wav,processed/v1/audio/dev/aefdcd134c4655820c52c59111761279.wav,True
13075,dev/c0512e66d8873800b6ff05e9eb5a99d4.wav,processed/v1/audio/dev/c0512e66d8873800b6ff05e9eb5a99d4.wav,True
9889,dev/f321f1f42cb6da327eda0bb24251e7ce.wav,processed/v1/audio/dev/f321f1f42cb6da327eda0bb24251e7ce.wav,True
251,dev/bbe4f6f2e3a861d35cf17ecff685e9df.wav,processed/v1/audio/dev/bbe4f6f2e3a861d35cf17ecff685e9df.wav,True
2006,dev/65c27ca786f8b4a1dba9166c3f7f014b.wav,processed/v1/audio/dev/65c27ca786f8b4a1dba9166c3f7f014b.wav,True
3868,dev/be3fbd537f2eebe4f3e2a5f18d720966.wav,processed/v1/audio/dev/be3fbd537f2eebe4f3e2a5f18d720966.wav,True
9838,dev/e2a86c64fc1f8e55dd8c892bc7952af0.wav,processed/v1/audio/dev/e2a86c64fc1f8e55dd8c892bc7952af0.wav,True
5746,dev/1a20e4f280f735ae1a661773ef268ecf.wav,processed/v1/audio/dev/1a20e4f280f735ae1a661773ef268ecf.wav,True
5408,dev/b783fc28d2d40402721e076d771cd9c0.wav,processed/v1/audio/dev/b783fc28d2d40402721e076d771cd9c0.wav,True
12125,dev/8c1eab70583720d074d4930aee30573e.wav,processed/v1/audio/dev/8c1eab70583720d074d4930aee30573e.wav,True
1215,dev/c08ddd1c0872b2bed2a6482576178ead.wav,processed/v1/audio/dev/c08ddd1c0872b2bed2a6482576178ead.wav,True
10916,dev/44af0916e04aa8820f465a0cfd436fc7.wav,processed/v1/audio/dev/44af0916e04aa8820f465a0cfd436fc7.wav,True
6570,dev/10e852019d0c41a2ea614f864373c828.wav,processed/v1/audio/dev/10e852019d0c41a2ea614f864373c828.wav,True
4161,dev/4d4900076234807185292406720266cb.wav,processed/v1/audio/dev/4d4900076234807185292406720266cb.wav,True
15609,dev/debe0dee2a1e536c6d4823e9c0a04c6c.wav,processed/v1/audio/dev/debe0dee2a1e536c6d4823e9c0a04c6c.wav,True
1732,dev/fcdf001d2662697eec622fa77a6a88ad.wav,processed/v1/audio/dev/fcdf001d2662697eec622fa77a6a88ad.wav,True
1227,dev/f6c2fad1463af8179337b38bac7aa4c5.wav,processed/v1/audio/dev/f6c2fad1463af8179337b38bac7aa4c5.wav,True
5186,dev/cf6877a4e60c39e51aa8d9f8be70e652.wav,processed/v1/audio/dev/cf6877a4e60c39e51aa8d9f8be70e652.wav,True
12617,dev/e322355ce2c9ecdf62a60c6df660c5dc.wav,processed/v1/audio/dev/e322355ce2c9ecdf62a60c6df660c5dc.wav,True
14088,dev/2d4b7c0046d986ef0540b35eba5b329a.wav,processed/v1/audio/dev/2d4b7c0046d986ef0540b35eba5b329a.wav,True
67,dev/b05203d010d3c6b7417b94c1f38e040f.wav,processed/v1/audio/dev/b05203d010d3c6b7417b94c1f38e040f.wav,True
2649,dev/84d24c4f25c0cb1200e63cd327abe49f.wav,processed/v1/audio/dev/84d24c4f25c0cb1200e63cd327abe49f.wav,True
2122,dev/7b308eeb4af1541e6ed9d5940ff8f96a.wav,processed/v1/audio/dev/7b308eeb4af1541e6ed9d5940ff8f96a.wav,True
5882,dev/8abbe60e8d4154e527e4b49fd2a1df70.wav,processed/v1/audio/dev/8abbe60e8d4154e527e4b49fd2a1df70.wav,True
11196,dev/d2444be3bdf4eeeef71dfc0207b2443e.wav,processed/v1/audio/dev/d2444be3bdf4eeeef71dfc0207b2443e.wav,True
2901,dev/074e1bff41621a92511e916c88deef0c.wav,processed/v1/audio/dev/074e1bff41621a92511e916c88deef0c.wav,True
9934,dev/683c7b9a15ca40ffc3742f0c7543e361.wav,processed/v1/audio/dev/683c7b9a15ca40ffc3742f0c7543e361.wav,True
4681,dev/7fd397ad234565bbd1876aba2bc69c6c.wav,processed/v1/audio/dev/7fd397ad234565bbd1876aba2bc69c6c.wav,True
13353,dev/606e308ee766fe4c6056fd15bc6d982b.wav,processed/v1/audio/dev/606e308ee766fe4c6056fd15bc6d982b.wav,True
11063,dev/6c12b654e330085710f07c49b31614ff.wav,processed/v1/audio/dev/6c12b654e330085710f07c49b31614ff.wav,True
4094,dev/eaf133f7b3dae2b7ff3abd9b205bb380.wav,processed/v1/audio/dev/eaf133f7b3dae2b7ff3abd9b205bb380.wav,True
5126,dev/1802a28653e83e78c27fc204e7b0edbd.wav,processed/v1/audio/dev/1802a28653e83e78c27fc204e7b0edbd.wav,True
7731,dev/7f390002e3947aed8abdb5349479c7cf.wav,processed/v1/audio/dev/7f390002e3947aed8abdb5349479c7cf.wav,True
2769,dev/3af7222db462f9a5a2471d0d1b8546c8.wav,processed/v1/audio/dev/3af7222db462f9a5a2471d0d1b8546c8.wav,True
6751,dev/b56cfe4eb999eb242b0673d9886175ab.wav,processed/v1/audio/dev/b56cfe4eb999eb242b0673d9886175ab.wav,True
7631,dev/3ef7d9d5c2af685bed1cfaf157ad656c.wav,processed/v1/audio/dev/3ef7d9d5c2af685bed1cfaf157ad656c.wav,True
16085,dev/925c61211c736f91be9b0bff1a2c1fcb.wav,processed/v1/audio/dev/925c61211c736f91be9b0bff1a2c1fcb.wav,True
5181,dev/1889a68f0b52cdd40c0d78e36c423e17.wav,processed/v1/audio/dev/1889a68f0b52cdd40c0d78e36c423e17.wav,True
9127,dev/82390e3d2edb45efaaa7303a876daa7c.wav,processed/v1/audio/dev/82390e3d2edb45efaaa7303a876daa7c.wav,True
11200,dev/3ce4e271f5f209b3eb5dc763681005a4.wav,processed/v1/audio/dev/3ce4e271f5f209b3eb5dc763681005a4.wav,True
15414,dev/8dfea82cb725815ad0df65bfc654c348.wav,processed/v1/audio/dev/8dfea82cb725815ad0df65bfc654c348.wav,True
9996,dev/64989b03fb423b3968b14a143e3e61f0.wav,processed/v1/audio/dev/64989b03fb423b3968b14a143e3e61f0.wav,True
5028,dev/1af410803f5b53c5bbb1e2ed66e20602.wav,processed/v1/audio/dev/1af410803f5b53c5bbb1e2ed66e20602.wav,True
5638,dev/20e3daac29bbb2a8c488b0c2853929cf.wav,processed/v1/audio/dev/20e3daac29bbb2a8c488b0c2853929cf.wav,True
4519,dev/696eb5bdd54e9ca44a8a4875aab3bff4.wav,processed/v1/audio/dev/696eb5bdd54e9ca44a8a4875aab3bff4.wav,True
2321,dev/aafb67a51610c327765f95e1d5579856.wav,processed/v1/audio/dev/aafb67a51610c327765f95e1d5579856.wav,True
7871,dev/2f0519dc07ab2c0c849adee92b9437b5.wav,processed/v1/audio/dev/2f0519dc07ab2c0c849adee92b9437b5.wav,True
1680,dev/daf803abc4a65fce70e535fe0f280e63.wav,processed/v1/audio/dev/daf803abc4a65fce70e535fe0f280e63.wav,True
7244,dev/fc7faef1711509b9bf7b202ba05fd587.wav,processed/v1/audio/dev/fc7faef1711509b9bf7b202ba05fd587.wav,True
3466,dev/f599ca1a1c11080b31f83fad1c0ab70e.wav,processed/v1/audio/dev/f599ca1a1c11080b31f83fad1c0ab70e.wav,True
12554,dev/55d653fd8a9b003277ffaa475c3fd4d3.wav,processed/v1/audio/dev/55d653fd8a9b003277ffaa475c3fd4d3.wav,True
17074,dev/f68aa87027a0074c67c6f6fca35ec3f2.wav,processed/v1/audio/dev/f68aa87027a0074c67c6f6fca35ec3f2.wav,True
3724,dev/494cbc612fa543b975fb47ab949d0abc.wav,processed/v1/audio/dev/494cbc612fa543b975fb47ab949d0abc.wav,True
7555,dev/55d90a0c83b7fb864de3b4ae14c50c16.wav,processed/v1/audio/dev/55d90a0c83b7fb864de3b4ae14c50c16.wav,True
11945,dev/0ea64487788912424ef348ff41123586.wav,processed/v1/audio/dev/0ea64487788912424ef348ff41123586.wav,True
5376,dev/8bacd7f73e4d3d13168f766812b71a7e.wav,processed/v1/audio/dev/8bacd7f73e4d3d13168f766812b71a7e.wav,True
8903,dev/a0a36866fab6887ef123309ddd221ead.wav,processed/v1/audio/dev/a0a36866fab6887ef123309ddd221ead.wav,True
13198,dev/8a6c44358895265042f036dadb06f64a.wav,processed/v1/audio/dev/8a6c44358895265042f036dadb06f64a.wav,True
4495,dev/720ddbfae5d244d5f860ca4932dfd701.wav,processed/v1/audio/dev/720ddbfae5d244d5f860ca4932dfd701.wav,True
5546,dev/b9419ea246f0e2fbcd682200c6cf16f5.wav,processed/v1/audio/dev/b9419ea246f0e2fbcd682200c6cf16f5.wav,True
11364,dev/2a373490cde1addd1585707704f62655.wav,processed/v1/audio/dev/2a373490cde1addd1585707704f62655.wav,True
5569,dev/be9bf20fbd0171cc30e345cc51b42f0e.wav,processed/v1/audio/dev/be9bf20fbd0171cc30e345cc51b42f0e.wav,True
13227,dev/aae627bbecf66e91b36d546b24c7ac96.wav,processed/v1/audio/dev/aae627bbecf66e91b36d546b24c7ac96.wav,True
16478,dev/ce249848610a47a24e9b4aa11ba23562.wav,processed/v1/audio/dev/ce249848610a47a24e9b4aa11ba23562.wav,True
6361,dev/10e01becf591223af5d6f8a1a11e4e7a.wav,processed/v1/audio/dev/10e01becf591223af5d6f8a1a11e4e7a.wav,True
6991,dev/29a85caca9e37444d1ad5bb76e182eae.wav,processed/v1/audio/dev/29a85caca9e37444d1ad5bb76e182eae.wav,True
8282,dev/cf0e2055dabd6c28ca9215f9a9456d20.wav,processed/v1/audio/dev/cf0e2055dabd6c28ca9215f9a9456d20.wav,True
11014,dev/92627beafc15f39794408fcb6f89e87b.wav,processed/v1/audio/dev/92627beafc15f39794408fcb6f89e87b.wav,True
13617,dev/eaa1a929ab7a8e7782bf4d176dd72635.wav,processed/v1/audio/dev/eaa1a929ab7a8e7782bf4d176dd72635.wav,True
13281,dev/19c4412d3ec0010890bac0623408b190.wav,processed/v1/audio/dev/19c4412d3ec0010890bac0623408b190.wav,True
11899,dev/c1303583ecf2aef527006d9e55d201d7.wav,processed/v1/audio/dev/c1303583ecf2aef527006d9e55d201d7.wav,True
15427,dev/9ab2ba8322fd97188f7f91b2559b3fc2.wav,processed/v1/audio/dev/9ab2ba8322fd97188f7f91b2559b3fc2.wav,True
10901,dev/94789da232b9a304a2f47122d7262968.wav,processed/v1/audio/dev/94789da232b9a304a2f47122d7262968.wav,True
5034,dev/b3fc09c30a477bfa1b5458c675dfe7d7.wav,processed/v1/audio/dev/b3fc09c30a477bfa1b5458c675dfe7d7.wav,True
7164,dev/bbf0dd0cb4029e5e72b5ff1e3dcbc38f.wav,processed/v1/audio/dev/bbf0dd0cb4029e5e72b5ff1e3dcbc38f.wav,True
2643,dev/d3efce1529b836f01c1d795f8643c180.wav,processed/v1/audio/dev/d3efce1529b836f01c1d795f8643c180.wav,True
14849,dev/fd7016e2d8c1c0f3da4c0f07150aff6c.wav,processed/v1/audio/dev/fd7016e2d8c1c0f3da4c0f07150aff6c.wav,True
8487,dev/cff61d63a9628d50fb0bfcdbebe7ec47.wav,processed/v1/audio/dev/cff61d63a9628d50fb0bfcdbebe7ec47.wav,True
16821,dev/34373509792603e113613866ae3dfec7.wav,processed/v1/audio/dev/34373509792603e113613866ae3dfec7.wav,True
11064,dev/dac3dc6f09002b75d1c0a87ddf52975d.wav,processed/v1/audio/dev/dac3dc6f09002b75d1c0a87ddf52975d.wav,True
2825,dev/6316cc3cc18e43cb417bcf62a12a57a9.wav,processed/v1/audio/dev/6316cc3cc18e43cb417bcf62a12a57a9.wav,True
9065,dev/5e2c2956033e8849da985adfb6fccb12.wav,processed/v1/audio/dev/5e2c2956033e8849da985adfb6fccb12.wav,True
8311,dev/7d5d933bd53d3778fffc62e57564f086.wav,processed/v1/audio/dev/7d5d933bd53d3778fffc62e57564f086.wav,True
5957,dev/bbb73caff6c2f18300b3b28c3760b81e.wav,processed/v1/audio/dev/bbb73caff6c2f18300b3b28c3760b81e.wav,True
13071,dev/7937a36d5cc5be37bb9a1af67a61403b.wav,processed/v1/audio/dev/7937a36d5cc5be37bb9a1af67a61403b.wav,True
3160,dev/8a95815d5e3be9bbde7fc758b6d2de96.wav,processed/v1/audio/dev/8a95815d5e3be9bbde7fc758b6d2de96.wav,True
5021,dev/eebcc15d921930f413b164d41bf41739.wav,processed/v1/audio/dev/eebcc15d921930f413b164d41bf41739.wav,True
2495,dev/5453aaa88bbe8c9bf032b72b95f9dff7.wav,processed/v1/audio/dev/5453aaa88bbe8c9bf032b72b95f9dff7.wav,True
11658,dev/8d83c0750c3a98a3aa7ccc7a894ae3bc.wav,processed/v1/audio/dev/8d83c0750c3a98a3aa7ccc7a894ae3bc.wav,True
691,dev/a97fd1220dc86eb5358c9b420bae7475.wav,processed/v1/audio/dev/a97fd1220dc86eb5358c9b420bae7475.wav,True
15900,dev/7b018575e3fb8ee9d4409909ba081c04.wav,processed/v1/audio/dev/7b018575e3fb8ee9d4409909ba081c04.wav,True
17034,dev/15d8611dbfad21e4146babfc09b429ea.wav,processed/v1/audio/dev/15d8611dbfad21e4146babfc09b429ea.wav,True
5060,dev/822c23a0038f203a6f056c891b229677.wav,processed/v1/audio/dev/822c23a0038f203a6f056c891b229677.wav,True
12174,dev/306d11d7028de757508c518a55464761.wav,processed/v1/audio/dev/306d11d7028de757508c518a55464761.wav,True
3402,dev/16e1d78c524495bf7db68c6c0c2b67b9.wav,processed/v1/audio/dev/16e1d78c524495bf7db68c6c0c2b67b9.wav,True
1948,dev/12f49cc87aa198142eb41f6787489759.wav,processed/v1/audio/dev/12f49cc87aa198142eb41f6787489759.wav,True
2582,dev/7ff3bd01ebe863b107560a1e2916244c.wav,processed/v1/audio/dev/7ff3bd01ebe863b107560a1e2916244c.wav,True
8543,dev/7e487baab5a3d3570486776d9b05eb52.wav,processed/v1/audio/dev/7e487baab5a3d3570486776d9b05eb52.wav,True
13576,dev/708f423aeaf2717cc37d1ed970de4a36.wav,processed/v1/audio/dev/708f423aeaf2717cc37d1ed970de4a36.wav,True
4065,dev/3eebb49a4c6b235c3a047e063e4871cc.wav,processed/v1/audio/dev/3eebb49a4c6b235c3a047e063e4871cc.wav,True
15475,dev/93e6443ba86c9dbd7c47374181133dcd.wav,processed/v1/audio/dev/93e6443ba86c9dbd7c47374181133dcd.wav,True
6071,dev/0b9d6977aca029096e10359a4bd68090.wav,processed/v1/audio/dev/0b9d6977aca029096e10359a4bd68090.wav,True
15645,dev/9a4f5b62531d45669b51d91aa45be42f.wav,processed/v1/audio/dev/9a4f5b62531d45669b51d91aa45be42f.wav,True
6963,dev/53f19ea11e86791db4673bbdcc6dd7f7.wav,processed/v1/audio/dev/53f19ea11e86791db4673bbdcc6dd7f7.wav,True
7688,dev/6398ab1d24a76a7cf004f3c18628ccbf.wav,processed/v1/audio/dev/6398ab1d24a76a7cf004f3c18628ccbf.wav,True
13935,dev/07bf0d98accbf73ec6b04d0d18a4bd63.wav,processed/v1/audio/dev/07bf0d98accbf73ec6b04d0d18a4bd63.wav,True
13533,dev/f46a4df2049082e260fa2702d1f948ab.wav,processed/v1/audio/dev/f46a4df2049082e260fa2702d1f948ab.wav,True
5175,dev/c21e103dcf62964a49fe601500e34fa6.wav,processed/v1/audio/dev/c21e103dcf62964a49fe601500e34fa6.wav,True
1934,dev/a75ad82864f7354e38b1004dfdc11bf1.wav,processed/v1/audio/dev/a75ad82864f7354e38b1004dfdc11bf1.wav,True
11562,dev/a58ffdb04ef281afadb642076a191bf6.wav,processed/v1/audio/dev/a58ffdb04ef281afadb642076a191bf6.wav,True
8146,dev/fb4627e59a2e707b18ea52bfef93e5b3.wav,processed/v1/audio/dev/fb4627e59a2e707b18ea52bfef93e5b3.wav,True
11496,dev/dbb2710a60e8e53f5dd4d2f3c37b1f0b.wav,processed/v1/audio/dev/dbb2710a60e8e53f5dd4d2f3c37b1f0b.wav,True
1125,dev/f9f99550fad9d9f1cfb63bd1c4916b76.wav,processed/v1/audio/dev/f9f99550fad9d9f1cfb63bd1c4916b76.wav,True
12565,dev/12703e2f74199c28047ad8afe4146388.wav,processed/v1/audio/dev/12703e2f74199c28047ad8afe4146388.wav,True
10135,dev/28eb18a12d750e6de51dc0b3bf2018a6.wav,processed/v1/audio/dev/28eb18a12d750e6de51dc0b3bf2018a6.wav,True
4664,dev/f19b5d832712c5a34d2536c603933b1e.wav,processed/v1/audio/dev/f19b5d832712c5a34d2536c603933b1e.wav,True
8834,dev/28c5a8f7fbf26e9f0693aae214e900a5.wav,processed/v1/audio/dev/28c5a8f7fbf26e9f0693aae214e900a5.wav,True
15145,dev/3f452dc63e575d959eb2ddc00dc7354a.wav,processed/v1/audio/dev/3f452dc63e575d959eb2ddc00dc7354a.wav,True
3139,dev/af569977636444caa40504c3b247b81c.wav,processed/v1/audio/dev/af569977636444caa40504c3b247b81c.wav,True
2620,dev/84a6bf78a08c3db6a678f4b93d8aa45a.wav,processed/v1/audio/dev/84a6bf78a08c3db6a678f4b93d8aa45a.wav,True
6262,dev/4b73f0caff128e0f5dcb294e0c02febf.wav,processed/v1/audio/dev/4b73f0caff128e0f5dcb294e0c02febf.wav,True
5150,dev/693b1e24d2156386fa284e7ccf4388ef.wav,processed/v1/audio/dev/693b1e24d2156386fa284e7ccf4388ef.wav,True
1545,dev/6da39151fcc4ac9c71fd678d1c717120.wav,processed/v1/audio/dev/6da39151fcc4ac9c71fd678d1c717120.wav,True
5084,dev/3bc8cd9e7f4a2489cb6657a9e1d0ea10.wav,processed/v1/audio/dev/3bc8cd9e7f4a2489cb6657a9e1d0ea10.wav,True
12325,dev/a986b57dc70ac06febd00ed33788f044.wav,processed/v1/audio/dev/a986b57dc70ac06febd00ed33788f044.wav,True
16462,dev/a4ee4516217b08664d1dd6572b24339a.wav,processed/v1/audio/dev/a4ee4516217b08664d1dd6572b24339a.wav,True
14866,dev/6d093ea4c9580cbd6ec29c093a5bec12.wav,processed/v1/audio/dev/6d093ea4c9580cbd6ec29c093a5bec12.wav,True
298,dev/f6fe5579948108d66e846d13e9443c64.wav,processed/v1/audio/dev/f6fe5579948108d66e846d13e9443c64.wav,True
16421,dev/fd787531338381f942e2958ac0d487e0.wav,processed/v1/audio/dev/fd787531338381f942e2958ac0d487e0.wav,True
6571,dev/9e04dae80046852e3e637c6b3cf0a766.wav,processed/v1/audio/dev/9e04dae80046852e3e637c6b3cf0a766.wav,True
4008,dev/7e4eb5f231b8c4ab09e2a9b64bb33a25.wav,processed/v1/audio/dev/7e4eb5f231b8c4ab09e2a9b64bb33a25.wav,True
14393,dev/3ac185b13d11f0841deedcfc147f205e.wav,processed/v1/audio/dev/3ac185b13d11f0841deedcfc147f205e.wav,True
13615,dev/f01c575b27dea6d1e6eeeffb5ec055a7.wav,processed/v1/audio/dev/f01c575b27dea6d1e6eeeffb5ec055a7.wav,True
6111,dev/5515af08413aea58f6ae41c046dec00e.wav,processed/v1/audio/dev/5515af08413aea58f6ae41c046dec00e.wav,True
2623,dev/7c7cebc78fe8d2f98f86ee1bc0187ffc.wav,processed/v1/audio/dev/7c7cebc78fe8d2f98f86ee1bc0187ffc.wav,True
26,dev/c5810df13e751bb7f2eea8d9aa4dccad.wav,processed/v1/audio/dev/c5810df13e751bb7f2eea8d9aa4dccad.wav,True
8941,dev/516ccd1ba79828dd7d739fedd3685d62.wav,processed/v1/audio/dev/516ccd1ba79828dd7d739fedd3685d62.wav,True
6642,dev/5592e797ed420aa9e8a9a994d1cfb64b.wav,processed/v1/audio/dev/5592e797ed420aa9e8a9a994d1cfb64b.wav,True
3758,dev/7d1dc139fc609add8db6cb58be5f1654.wav,processed/v1/audio/dev/7d1dc139fc609add8db6cb58be5f1654.wav,True
13024,dev/c784627eed63ffea4819fa28622649be.wav,processed/v1/audio/dev/c784627eed63ffea4819fa28622649be.wav,True
9660,dev/9d7f1326fffd2c579c8aa82e23ee9409.wav,processed/v1/audio/dev/9d7f1326fffd2c579c8aa82e23ee9409.wav,True
5063,dev/8f8e550c4a6c2c98dcd693fbf51d3432.wav,processed/v1/audio/dev/8f8e550c4a6c2c98dcd693fbf51d3432.wav,True
8122,dev/bf0cf07430540310ba6a8a1ce7b6baeb.wav,processed/v1/audio/dev/bf0cf07430540310ba6a8a1ce7b6baeb.wav,True
16319,dev/f0fe88672149f64b562d8c1b01da83e9.wav,processed/v1/audio/dev/f0fe88672149f64b562d8c1b01da83e9.wav,True
1839,dev/03e4ab971fa7bfc7ff4cf78b7d1a5c0c.wav,processed/v1/audio/dev/03e4ab971fa7bfc7ff4cf78b7d1a5c0c.wav,True
5352,dev/0f01143e2172da12cccf18ffd9a90be3.wav,processed/v1/audio/dev/0f01143e2172da12cccf18ffd9a90be3.wav,True
16140,dev/8b2d202f3de6ce13543d2428655d2eaa.wav,processed/v1/audio/dev/8b2d202f3de6ce13543d2428655d2eaa.wav,True
3720,dev/500a94fa35b9502a521eb081bc59a691.wav,processed/v1/audio/dev/500a94fa35b9502a521eb081bc59a691.wav,True
13033,dev/2579b1a2be52908063afc90338387ce4.wav,processed/v1/audio/dev/2579b1a2be52908063afc90338387ce4.wav,True
17009,dev/1171f8669b74c14c393e06173fd31937.wav,processed/v1/audio/dev/1171f8669b74c14c393e06173fd31937.wav,True
2687,dev/eee6801aa17d066cd4f44e8bcaef1c37.wav,processed/v1/audio/dev/eee6801aa17d066cd4f44e8bcaef1c37.wav,True
2120,dev/15e5fe52ce60d8d0da8b73162934fa44.wav,processed/v1/audio/dev/15e5fe52ce60d8d0da8b73162934fa44.wav,True
4622,dev/4c7317e2f6e872e7a0fa715836a924f0.wav,processed/v1/audio/dev/4c7317e2f6e872e7a0fa715836a924f0.wav,True
3202,dev/318ebff76f11b62a74b33ce97b395d47.wav,processed/v1/audio/dev/318ebff76f11b62a74b33ce97b395d47.wav,True
490,dev/cf54fcb08b5b6e3784b13ebc6d7f4544.wav,processed/v1/audio/dev/cf54fcb08b5b6e3784b13ebc6d7f4544.wav,True
756,dev/2b97746d01fa44d7fb26c9cbfa3fb970.wav,processed/v1/audio/dev/2b97746d01fa44d7fb26c9cbfa3fb970.wav,True
4604,dev/dbe203875f6e888123c5d2d936c4ad2c.wav,processed/v1/audio/dev/dbe203875f6e888123c5d2d936c4ad2c.wav,True
7846,dev/8b61bdea61350fbcb3aae44fd23cbc0c.wav,processed/v1/audio/dev/8b61bdea61350fbcb3aae44fd23cbc0c.wav,True
6209,dev/9b93aee59f060fea0b760eef86690b0f.wav,processed/v1/audio/dev/9b93aee59f060fea0b760eef86690b0f.wav,True
16580,dev/9b438379aa5b48a2fadf31dd2f4f58b7.wav,processed/v1/audio/dev/9b438379aa5b48a2fadf31dd2f4f58b7.wav,True
10146,dev/be5ab535d6d0aa2939d150d3e1dc12dd.wav,processed/v1/audio/dev/be5ab535d6d0aa2939d150d3e1dc12dd.wav,True
2318,dev/c68c5217e66d4ed84763e736fe828113.wav,processed/v1/audio/dev/c68c5217e66d4ed84763e736fe828113.wav,True
2846,dev/baca8c09c71f0d5a044f9c3211a4d59e.wav,processed/v1/audio/dev/baca8c09c71f0d5a044f9c3211a4d59e.wav,True
2425,dev/22148119b6415e7139939063857765f7.wav,processed/v1/audio/dev/22148119b6415e7139939063857765f7.wav,True
14156,dev/c01de1acb4a6088004e89e8e60543e16.wav,processed/v1/audio/dev/c01de1acb4a6088004e89e8e60543e16.wav,True
7374,dev/014aceda870882c37d4898a26d0e2361.wav,processed/v1/audio/dev/014aceda870882c37d4898a26d0e2361.wav,True
11631,dev/f2389b73b062a0e6db85520c501615d2.wav,processed/v1/audio/dev/f2389b73b062a0e6db85520c501615d2.wav,True
6265,dev/d9738b80182a04c963498902c75d5af2.wav,processed/v1/audio/dev/d9738b80182a04c963498902c75d5af2.wav,True
1177,dev/1eba2546a0e8bb7479c113aa77105f58.wav,processed/v1/audio/dev/1eba2546a0e8bb7479c113aa77105f58.wav,True
5100,dev/c5a853109dd8fe7cd0523063239c6780.wav,processed/v1/audio/dev/c5a853109dd8fe7cd0523063239c6780.wav,True
9008,dev/fbdb93c647f9042802c62c5774f5aeac.wav,processed/v1/audio/dev/fbdb93c647f9042802c62c5774f5aeac.wav,True
9382,dev/a42b0fb9a99c8a6c30059faeeb28f67d.wav,processed/v1/audio/dev/a42b0fb9a99c8a6c30059faeeb28f67d.wav,True
2886,dev/75d2e87964dbd95ea3e16b45455dd496.wav,processed/v1/audio/dev/75d2e87964dbd95ea3e16b45455dd496.wav,True
7523,dev/6b70e7727685bb2e7bd1d76e1cdee6cd.wav,processed/v1/audio/dev/6b70e7727685bb2e7bd1d76e1cdee6cd.wav,True
11212,dev/274b58864e722a77181d596393045cd5.wav,processed/v1/audio/dev/274b58864e722a77181d596393045cd5.wav,True
8451,dev/424c0d0fa8b977cef5ecebbe69b897d8.wav,processed/v1/audio/dev/424c0d0fa8b977cef5ecebbe69b897d8.wav,True
11041,dev/bbca61021d0975ec86bdc1c42bad9e48.wav,processed/v1/audio/dev/bbca61021d0975ec86bdc1c42bad9e48.wav,True
9023,dev/401f5ee24eab106f2de39d3c37cc22b1.wav,processed/v1/audio/dev/401f5ee24eab106f2de39d3c37cc22b1.wav,True
2943,dev/216094825107b1265c6839ad1d86df9f.wav,processed/v1/audio/dev/216094825107b1265c6839ad1d86df9f.wav,True
12165,dev/bd59ca3112716984b10b5cd321ef88d6.wav,processed/v1/audio/dev/bd59ca3112716984b10b5cd321ef88d6.wav,True
15805,dev/85bf94f7b9d6f8d56c6fd3b6feedf7a5.wav,processed/v1/audio/dev/85bf94f7b9d6f8d56c6fd3b6feedf7a5.wav,True
16286,dev/443dd257609206f6e43b22db80673865.wav,processed/v1/audio/dev/443dd257609206f6e43b22db80673865.wav,True
5741,dev/f79ac16b2b417b5e8eee4be245c32dfe.wav,processed/v1/audio/dev/f79ac16b2b417b5e8eee4be245c32dfe.wav,True
365,dev/223ca668645b0f7dd07605bcea91d381.wav,processed/v1/audio/dev/223ca668645b0f7dd07605bcea91d381.wav,True
3437,dev/838ae0f22a3cade95663278e50664bdf.wav,processed/v1/audio/dev/838ae0f22a3cade95663278e50664bdf.wav,True
9492,dev/82608555461b4873ee80300e8eec53d4.wav,processed/v1/audio/dev/82608555461b4873ee80300e8eec53d4.wav,True
11300,dev/6904f17e7f5f59766d7efb0c34d15681.wav,processed/v1/audio/dev/6904f17e7f5f59766d7efb0c34d15681.wav,True
10506,dev/92d7963f2780f78565db32e9242018aa.wav,processed/v1/audio/dev/92d7963f2780f78565db32e9242018aa.wav,True
5372,dev/0a10f7222fa91281ff666e37717c4fb1.wav,processed/v1/audio/dev/0a10f7222fa91281ff666e37717c4fb1.wav,True
16971,dev/32ab6aaf922a615df5cea5967561731f.wav,processed/v1/audio/dev/32ab6aaf922a615df5cea5967561731f.wav,True
12298,dev/7062a8cfdccd9a6e8a6d999b9047d342.wav,processed/v1/audio/dev/7062a8cfdccd9a6e8a6d999b9047d342.wav,True
7968,dev/cb410fef3c28e032b49e0c7f69b1645a.wav,processed/v1/audio/dev/cb410fef3c28e032b49e0c7f69b1645a.wav,True
