audio_id,audio_path,original_split,project_split,locale,speaker_id,normalized_speaker_id,speaker_sex,speaker_age,transcript,annot_utt,tokens,labels,intent_idx,intent,scenario_str,duration_sec,sample_rate,num_channels,is_valid,protocol,role,checksum,dataset_type,split_role,split_name
741,dev/57bc2094dbb5be917aedffa4c68db490.wav,validation,SVM,vi-VN,6552b16899091e4aaa587d1b,exp_svm_spk_0001,Male,33,phát các bài hát từ r. b. và soul genre,phát các bài hát từ [artist_name : r. b.] và [music_genre : soul] genre,['phát' 'các' 'bài' 'hát' 'từ' 'r.' 'b.' 'và' 'soul' 'genre'],"['Other' 'Other' 'Other' 'Other' 'Other' 'artist_name' 'artist_name'
 'Other' 'music_genre' 'Other']",45,play_music,play,5.04,48000,1,True,SVM_CLOSED_SET,SVM_EXPERIMENTAL,80d934f1743128fa9f0488011f6f13ad7ef8425e149d2f404112638bd8d8a4d5,SVM_CLOSED_SET,TRAIN,svm_closed_set_train
5015,dev/b380d2d7245b37ce8d41a74bec397c21.wav,validation,SVM,vi-VN,6552b16899091e4aaa587d1b,exp_svm_spk_0001,Male,33,vui lòng cho tôi biết tin tức mới nhất về tình hình bầu cử ở bang của chúng ta,vui lòng cho tôi biết tin tức mới nhất về [news_topic : tình hình bầu cử] ở [place_name : bang] của chúng ta,"['vui' 'lòng' 'cho' 'tôi' 'biết' 'tin' 'tức' 'mới' 'nhất' 'về' 'tình'
 'hình' 'bầu' 'cử' 'ở' 'bang' 'của' 'chúng' 'ta']","['Other' 'Other' 'Other' 'Other' 'Other' 'Other' 'Other' 'Other' 'Other'
 'Other' 'news_topic' 'news_topic' 'news_topic' 'news_topic' 'Other'
 'place_name' 'Other' 'Other' 'Other']",22,news_query,news,5.28,48000,1,True,SVM_CLOSED_SET,SVM_EXPERIMENTAL,a53cf2be578c2be5caadb7fd159f0d97e206b0732b6f47ed87135ea9ddbcb3fd,SVM_CLOSED_SET,TRAIN,svm_closed_set_train
12373,dev/bac5ec3d93361cb00414e28a69c93428.wav,validation,SVM,vi-VN,6552b16899091e4aaa587d1b,exp_svm_spk_0001,Male,33,hãy đặt một chiếc taxi,hãy đặt một chiếc [transport_type : taxi],['hãy' 'đặt' 'một' 'chiếc' 'taxi'],['Other' 'Other' 'Other' 'Other' 'transport_type'],54,transport_taxi,transport,1.68,48000,1,True,SVM_CLOSED_SET,SVM_EXPERIMENTAL,297abc151907ca5b7d80971fe0be06698cda04a2e3ec4662b186fd8e0da45b85,SVM_CLOSED_SET,TRAIN,svm_closed_set_train
8089,dev/05228e8a019a7e501eb60cb95d1e268d.wav,validation,SVM,vi-VN,6552b16899091e4aaa587d1b,exp_svm_spk_0001,Male,33,khi nào họp,khi nào [event_name : họp],['khi' 'nào' 'họp'],['Other' 'Other' 'event_name'],50,calendar_set,calendar,1.02,48000,1,True,SVM_CLOSED_SET,SVM_EXPERIMENTAL,c92c19d1470b19e8e1bd9f0158de7ccd0086452b869f5577f7b9cc87cc91680e,SVM_CLOSED_SET,TRAIN,svm_closed_set_train
15812,dev/4d800a3427af226cb32deb00e0428a6a.wav,validation,SVM,vi-VN,6552b16899091e4aaa587d1b,exp_svm_spk_0001,Male,33,olly tôi muốn biết về buổi tiệc của mai,olly tôi muốn biết về [event_name : buổi tiệc] của [person : mai],['olly' 'tôi' 'muốn' 'biết' 'về' 'buổi' 'tiệc' 'của' 'mai'],"['Other' 'Other' 'Other' 'Other' 'Other' 'event_name' 'event_name' 'Other'
 'person']",12,general_quirky,general,3.24,48000,1,True,SVM_CLOSED_SET,SVM_EXPERIMENTAL,4e318ce718de3a57497aaf80294650930fa5d04b270edb48039cd4eb4af0883b,SVM_CLOSED_SET,TRAIN,svm_closed_set_train
8729,dev/e60ad97187b5f507b758996cfddbfa79.wav,validation,SVM,vi-VN,6552b16899091e4aaa587d1b,exp_svm_spk_0001,Male,33,đặt lời nhắc cho một cuộc hẹn hằng tuần,đặt lời nhắc cho một cuộc hẹn [general_frequency : hằng tuần],['đặt' 'lời' 'nhắc' 'cho' 'một' 'cuộc' 'hẹn' 'hằng' 'tuần'],"['Other' 'Other' 'Other' 'Other' 'Other' 'Other' 'Other'
 'general_frequency' 'general_frequency']",50,calendar_set,calendar,2.4,48000,1,True,SVM_CLOSED_SET,SVM_EXPERIMENTAL,d5f854f53f5dea4b59bfe50926ebef2925723d71bec5f4c7099d22b26b0ce1f4,SVM_CLOSED_SET,TRAIN,svm_closed_set_train
15545,dev/33feee9815f799fd26161a6a6a389335.wav,validation,SVM,vi-VN,6552b16899091e4aaa587d1b,exp_svm_spk_0001,Male,33,nhắc tôi tweet tại công ty này,nhắc tôi [media_type : tweet] tại công ty này,['nhắc' 'tôi' 'tweet' 'tại' 'công' 'ty' 'này'],['Other' 'Other' 'media_type' 'Other' 'Other' 'Other' 'Other'],50,calendar_set,calendar,2.46,48000,1,True,SVM_CLOSED_SET,SVM_EXPERIMENTAL,edc6d45955b0ed8e3890ac9b93c6f15195b0ce283a53fc05bdf6a5662bdedc01,SVM_CLOSED_SET,TRAIN,svm_closed_set_train
16991,dev/8649b7fbe11a970176d7a92d24af9696.wav,validation,SVM,vi-VN,6552b16899091e4aaa587d1b,exp_svm_spk_0001,Male,33,kiểm tra email của trần văn dũng,kiểm tra email của [person : trần văn dũng],['kiểm' 'tra' 'email' 'của' 'trần' 'văn' 'dũng'],['Other' 'Other' 'Other' 'Other' 'person' 'person' 'person'],44,email_query,email,3.12,48000,1,True,SVM_CLOSED_SET,SVM_EXPERIMENTAL,4985b6c221066f31ce60b3ef9743838d1f9acc00d9530630ce9ce66443657b62,SVM_CLOSED_SET,TRAIN,svm_closed_set_train
10238,dev/844785be622dad1c6d78af25cc6fe2ef.wav,validation,SVM,vi-VN,6552b16899091e4aaa587d1b,exp_svm_spk_0001,Male,33,tìm công thức gà nấu ragu,tìm công thức [food_type : gà nấu ragu],['tìm' 'công' 'thức' 'gà' 'nấu' 'ragu'],['Other' 'Other' 'Other' 'food_type' 'food_type' 'food_type'],9,cooking_recipe,cooking,3.42,48000,1,True,SVM_CLOSED_SET,SVM_EXPERIMENTAL,ba5dc0a3c3c1b387a110ec18245f02132bf74e00ff001be7fb57897b6b2d61d2,SVM_CLOSED_SET,TRAIN,svm_closed_set_train
9215,dev/db6f3eda8ca1bf3d1bf4fd4afacf690f.wav,validation,SVM,vi-VN,6552b16899091e4aaa587d1b,exp_svm_spk_0001,Male,33,mở radio viet nam phát nhạc rock,mở [app_name : radio viet nam] phát nhạc [music_genre : rock],['mở' 'radio' 'viet' 'nam' 'phát' 'nhạc' 'rock'],['Other' 'app_name' 'app_name' 'app_name' 'Other' 'Other' 'music_genre'],36,play_radio,play,2.7,48000,1,True,SVM_CLOSED_SET,SVM_EXPERIMENTAL,22f8fd77be2e6b7136bc2a789c156cc782161d8ea9207320bbcf82833cd4e368,SVM_CLOSED_SET,TRAIN,svm_closed_set_train
5476,dev/1d6502701ebe92d045cfca2a60d91f51.wav,validation,SVM,vi-VN,6537e43c008bb605430a302f,exp_svm_spk_0002,Female,29,thay đổi màu đèn,thay đổi màu đèn,['thay' 'đổi' 'màu' 'đèn'],['Other' 'Other' 'Other' 'Other'],1,iot_hue_lightchange,iot,1.26,48000,1,True,SVM_CLOSED_SET,SVM_EXPERIMENTAL,3d05a974ff77c872ea2b815753b69ec82ee16144b5b7bf965c9c2a1c6f39a1fa,SVM_CLOSED_SET,TRAIN,svm_closed_set_train
7345,dev/f7aabab99c1ca09800fcc271f6ab89b8.wav,validation,SVM,vi-VN,6537e43c008bb605430a302f,exp_svm_spk_0002,Female,29,thêm sinh nhật của mai là ngày mười hai tháng bảy vào lịch của tôi,thêm [event_name : sinh nhật] của [person : mai] là [date : ngày mười hai tháng bảy] vào lịch của tôi,"['thêm' 'sinh' 'nhật' 'của' 'mai' 'là' 'ngày' 'mười' 'hai' 'tháng' 'bảy'
 'vào' 'lịch' 'của' 'tôi']","['Other' 'event_name' 'event_name' 'Other' 'person' 'Other' 'date' 'date'
 'date' 'date' 'date' 'Other' 'Other' 'Other' 'Other']",50,calendar_set,calendar,3.06,48000,1,True,SVM_CLOSED_SET,SVM_EXPERIMENTAL,a68a4636dacec49e1128e703269ec57cdc342ebc5008ac7b1249fd7b9e68d187,SVM_CLOSED_SET,TRAIN,svm_closed_set_train
6483,dev/1be5c7a1360b6df98b7285a9df5df845.wav,validation,SVM,vi-VN,6537e43c008bb605430a302f,exp_svm_spk_0002,Female,29,tôi đã đến vinmart hôm nay,tôi đã đến [place_name : vinmart] [date : hôm nay],['tôi' 'đã' 'đến' 'vinmart' 'hôm' 'nay'],['Other' 'Other' 'Other' 'place_name' 'date' 'date'],12,general_quirky,general,2.1,48000,1,True,SVM_CLOSED_SET,SVM_EXPERIMENTAL,74cac414603c48951bd3b7c3cb03e2bc3295d620f9454b20b8bd2fb1f8e4a1b0,SVM_CLOSED_SET,TRAIN,svm_closed_set_train
11596,dev/a3640050db2a00615fb0c1ef025e3dab.wav,validation,SVM,vi-VN,6537e43c008bb605430a302f,exp_svm_spk_0002,Female,29,có chương trình xiếc chó đang diễn tra gần thành phố hồ chí minh không,có [event_name : chương trình xiếc chó] đang diễn tra gần [place_name : thành phố hồ chí minh] không,"['có' 'chương' 'trình' 'xiếc' 'chó' 'đang' 'diễn' 'tra' 'gần' 'thành'
 'phố' 'hồ' 'chí' 'minh' 'không']","['Other' 'event_name' 'event_name' 'event_name' 'event_name' 'Other'
 'Other' 'Other' 'Other' 'place_name' 'place_name' 'place_name'
 'place_name' 'place_name' 'Other']",6,recommendation_events,recommendation,4.5,48000,1,True,SVM_CLOSED_SET,SVM_EXPERIMENTAL,fb5d6e2429dca6c84511b6e4747197ab15a38fbe87729fe029807d205ea34a07,SVM_CLOSED_SET,TRAIN,svm_closed_set_train
12593,dev/82dabc9869b78f62ecd31c31a2e48665.wav,validation,SVM,vi-VN,6537e43c008bb605430a302f,exp_svm_spk_0002,Female,29,olly vui lòng mua cho tôi một vé xe lửa tới hồ chí minh,olly vui lòng mua cho tôi một vé [transport_type : xe lửa] tới [place_name : hồ chí minh],"['olly' 'vui' 'lòng' 'mua' 'cho' 'tôi' 'một' 'vé' 'xe' 'lửa' 'tới' 'hồ'
 'chí' 'minh']","['Other' 'Other' 'Other' 'Other' 'Other' 'Other' 'Other' 'Other'
 'transport_type' 'transport_type' 'Other' 'place_name' 'place_name'
 'place_name']",2,transport_ticket,transport,3.48,48000,1,True,SVM_CLOSED_SET,SVM_EXPERIMENTAL,87ac3653886d10425e79f58808a12806aa1d030319d691f2a5e02f665db47941,SVM_CLOSED_SET,TRAIN,svm_closed_set_train
12956,dev/45e5bc390f2d9dc48a2b7716c459d483.wav,validation,SVM,vi-VN,6537e43c008bb605430a302f,exp_svm_spk_0002,Female,29,trong trường hợp nào bạn sẽ sử dụng từ bất tiện,trong trường hợp nào bạn sẽ sử dụng từ [definition_word : bất tiện],['trong' 'trường' 'hợp' 'nào' 'bạn' 'sẽ' 'sử' 'dụng' 'từ' 'bất' 'tiện'],"['Other' 'Other' 'Other' 'Other' 'Other' 'Other' 'Other' 'Other' 'Other'
 'definition_word' 'definition_word']",26,qa_definition,qa,2.22,48000,1,True,SVM_CLOSED_SET,SVM_EXPERIMENTAL,c16b0177aec668e967925b18484a5b9d62deb20b2f0ac3509cbac13a613fa05a,SVM_CLOSED_SET,TRAIN,svm_closed_set_train
11621,dev/b1133de64fa1e45363c70c5f524e0a20.wav,validation,SVM,vi-VN,6537e43c008bb605430a302f,exp_svm_spk_0002,Female,29,các sự kiện đang diễn ra gần tôi,các sự kiện đang diễn ra gần tôi,['các' 'sự' 'kiện' 'đang' 'diễn' 'ra' 'gần' 'tôi'],['Other' 'Other' 'Other' 'Other' 'Other' 'Other' 'Other' 'Other'],6,recommendation_events,recommendation,2.46,48000,1,True,SVM_CLOSED_SET,SVM_EXPERIMENTAL,c0a463005874ce11f70a2a94521ec72010683d95f656e8858e8ed473b1a47eb9,SVM_CLOSED_SET,TRAIN,svm_closed_set_train
13231,dev/e119f7d29d214d0140f5a98575b134e8.wav,validation,SVM,vi-VN,6537e43c008bb605430a302f,exp_svm_spk_0002,Female,29,tòa nhà cao nhất,tòa nhà cao nhất,['tòa' 'nhà' 'cao' 'nhất'],['Other' 'Other' 'Other' 'Other'],49,qa_factoid,qa,1.86,48000,1,True,SVM_CLOSED_SET,SVM_EXPERIMENTAL,30359ee155ca6f03c1eb3ce84ac912adeda21ba0bd76904e042c300683c6c16a,SVM_CLOSED_SET,TRAIN,svm_closed_set_train
12891,dev/78d9761bb9845374c23b6ff6df68bda7.wav,validation,SVM,vi-VN,6537e43c008bb605430a302f,exp_svm_spk_0002,Female,29,cho tôi một chuyến tàu hỏa di chuyển từ hà nội đến hồ chí minh,cho tôi một chuyến [transport_type : tàu hỏa] di chuyển từ [place_name : hà nội] đến [place_name : hồ chí minh],"['cho' 'tôi' 'một' 'chuyến' 'tàu' 'hỏa' 'di' 'chuyển' 'từ' 'hà' 'nội'
 'đến' 'hồ' 'chí' 'minh']","['Other' 'Other' 'Other' 'Other' 'transport_type' 'transport_type' 'Other'
 'Other' 'Other' 'place_name' 'place_name' 'Other' 'place_name'
 'place_name' 'place_name']",2,transport_ticket,transport,3.9,48000,1,True,SVM_CLOSED_SET,SVM_EXPERIMENTAL,28b904c91cdba34d625bfd6cf108653b8c6e447eac494a04707d3732b69aba13,SVM_CLOSED_SET,TRAIN,svm_closed_set_train
3602,dev/3f5708131b5e2dec61b4edc05555566a.wav,validation,SVM,vi-VN,6537e43c008bb605430a302f,exp_svm_spk_0002,Female,29,tin tức mới nhất về bầu cử mỹ là gì,tin tức mới nhất về [news_topic : bầu cử mỹ] là gì,['tin' 'tức' 'mới' 'nhất' 'về' 'bầu' 'cử' 'mỹ' 'là' 'gì'],"['Other' 'Other' 'Other' 'Other' 'Other' 'news_topic' 'news_topic'
 'news_topic' 'Other' 'Other']",22,news_query,news,2.58,48000,1,True,SVM_CLOSED_SET,SVM_EXPERIMENTAL,e5f4d83b9309b930ac343e6909fdf2d26a744b22425d477efbb2866ab4461fa7,SVM_CLOSED_SET,TRAIN,svm_closed_set_train
7804,dev/064a3937a30b7a5bb38b4c2fae183fcd.wav,validation,SVM,vi-VN,5c9d67af9e01ef000197cd15,exp_svm_spk_0003,Female,59,nhắc lại các nhiệm vụ công việc của tôi mỗi ngày lúc tám giờ sáng,nhắc lại các nhiệm vụ công việc của tôi [general_frequency : mỗi ngày] lúc [time : tám giờ sáng],"['nhắc' 'lại' 'các' 'nhiệm' 'vụ' 'công' 'việc' 'của' 'tôi' 'mỗi' 'ngày'
 'lúc' 'tám' 'giờ' 'sáng']","['Other' 'Other' 'Other' 'Other' 'Other' 'Other' 'Other' 'Other' 'Other'
 'general_frequency' 'general_frequency' 'Other' 'time' 'time' 'time']",50,calendar_set,calendar,5.22,48000,1,True,SVM_CLOSED_SET,SVM_EXPERIMENTAL,c4e84d5c0fc9ede16b268606fee38ee64e17b759a38897adfb20182211252e75,SVM_CLOSED_SET,TRAIN,svm_closed_set_train
6675,dev/34bd9d14c3b6ec5d9f448c53a2e60306.wav,validation,SVM,vi-VN,5c9d67af9e01ef000197cd15,exp_svm_spk_0003,Female,59,nếu bạn có thể nói về ba điều chúng sẽ là gì,nếu bạn có thể nói về ba điều chúng sẽ là gì,['nếu' 'bạn' 'có' 'thể' 'nói' 'về' 'ba' 'điều' 'chúng' 'sẽ' 'là' 'gì'],"['Other' 'Other' 'Other' 'Other' 'Other' 'Other' 'Other' 'Other' 'Other'
 'Other' 'Other' 'Other']",12,general_quirky,general,4.14,48000,1,True,SVM_CLOSED_SET,SVM_EXPERIMENTAL,b036749b2521114ac6610b1372315c3bddf847cceefb424672f7a63b67a62f81,SVM_CLOSED_SET,TRAIN,svm_closed_set_train
10301,dev/09d039f51067ff795a212f5e683c8a8a.wav,validation,SVM,vi-VN,5c9d67af9e01ef000197cd15,exp_svm_spk_0003,Female,59,muốn chơi một game of trivia,muốn chơi một [game_name : game of trivia],['muốn' 'chơi' 'một' 'game' 'of' 'trivia'],['Other' 'Other' 'Other' 'game_name' 'game_name' 'game_name'],51,play_game,play,3.36,48000,1,True,SVM_CLOSED_SET,SVM_EXPERIMENTAL,f59734fd9cffed0cf00d9b620d927384515a6fdf8102454a5b12a144a07a409d,SVM_CLOSED_SET,TRAIN,svm_closed_set_train
13185,dev/b34323d69a5bf6a39dcb7e89f7169a19.wav,validation,SVM,vi-VN,5c9d67af9e01ef000197cd15,exp_svm_spk_0003,Female,59,tính toán khoảng cách từ boston đến new york,tính toán khoảng cách từ [place_name : boston] đến [place_name : new york],['tính' 'toán' 'khoảng' 'cách' 'từ' 'boston' 'đến' 'new' 'york'],"['Other' 'Other' 'Other' 'Other' 'Other' 'place_name' 'Other' 'place_name'
 'place_name']",49,qa_factoid,qa,4.26,48000,1,True,SVM_CLOSED_SET,SVM_EXPERIMENTAL,2afcd119d8df046ecefedec124a2d9afabdbdc87b013bf438b03403ce51e5e21,SVM_CLOSED_SET,TRAIN,svm_closed_set_train
12872,dev/5719be255af0235c1661477481ca8eb0.wav,validation,SVM,vi-VN,5c9d67af9e01ef000197cd15,exp_svm_spk_0003,Female,59,đặt vé tàu hỏa tới hà nội cho tôi,đặt vé [transport_type : tàu hỏa] tới [place_name : hà nội] cho tôi,['đặt' 'vé' 'tàu' 'hỏa' 'tới' 'hà' 'nội' 'cho' 'tôi'],"['Other' 'Other' 'transport_type' 'transport_type' 'Other' 'place_name'
 'place_name' 'Other' 'Other']",2,transport_ticket,transport,4.32,48000,1,True,SVM_CLOSED_SET,SVM_EXPERIMENTAL,f953e690da747eb03bd8a02589a44e73ae6d0340a9b79e99e3a811d9952b0d8f,SVM_CLOSED_SET,TRAIN,svm_closed_set_train
3123,dev/952458b3503c189c63b80422a80a0bb0.wav,validation,SVM,vi-VN,5c9d67af9e01ef000197cd15,exp_svm_spk_0003,Female,59,phát một vài bài nhạc cho tôi,phát một vài bài nhạc cho tôi,['phát' 'một' 'vài' 'bài' 'nhạc' 'cho' 'tôi'],['Other' 'Other' 'Other' 'Other' 'Other' 'Other' 'Other'],45,play_music,play,2.88,48000,1,True,SVM_CLOSED_SET,SVM_EXPERIMENTAL,01bb60f4ad1906144bbffafbb20866c5d504b99d41489ba806185e38ad95b0b0,SVM_CLOSED_SET,TRAIN,svm_closed_set_train
1678,dev/fa700a4278316206ed89746f887d9903.wav,validation,SVM,vi-VN,5c9d67af9e01ef000197cd15,exp_svm_spk_0003,Female,59,f. m. chín trăm chín mươi chín gần đây đang phát nhạc gì,f. m. chín trăm chín mươi chín gần đây đang phát nhạc gì,"['f.' 'm.' 'chín' 'trăm' 'chín' 'mươi' 'chín' 'gần' 'đây' 'đang' 'phát'
 'nhạc' 'gì']","['Other' 'Other' 'Other' 'Other' 'Other' 'Other' 'Other' 'Other' 'Other'
 'Other' 'Other' 'Other' 'Other']",57,music_query,music,6.18,48000,1,True,SVM_CLOSED_SET,SVM_EXPERIMENTAL,d5cb2a04217ed57eb9591d263ddcbc988577bb19fa8f000e0641be56e6ef1975,SVM_CLOSED_SET,TRAIN,svm_closed_set_train
2932,dev/49e4fe1e37614c8975637b38b6adf024.wav,validation,SVM,vi-VN,5c9d67af9e01ef000197cd15,exp_svm_spk_0003,Female,59,tiếp theo phát bài người hãy quên em đi,tiếp theo phát bài [song_name : người hãy quên em đi],['tiếp' 'theo' 'phát' 'bài' 'người' 'hãy' 'quên' 'em' 'đi'],"['Other' 'Other' 'Other' 'Other' 'song_name' 'song_name' 'song_name'
 'song_name' 'song_name']",45,play_music,play,3.3,48000,1,True,SVM_CLOSED_SET,SVM_EXPERIMENTAL,eaf6378816ab63b4e1a6606a66032dc4996d22678dd4eee2d3119866feff0b56,SVM_CLOSED_SET,TRAIN,svm_closed_set_train
9593,dev/bd9bbd1e3c42aededc8ac51dbdfe7001.wav,validation,SVM,vi-VN,5c9d67af9e01ef000197cd15,exp_svm_spk_0003,Female,59,bật đài phát thanh tôi yêu thích lúc chín giờ tối,bật đài phát thanh tôi yêu thích lúc [time : chín giờ tối],['bật' 'đài' 'phát' 'thanh' 'tôi' 'yêu' 'thích' 'lúc' 'chín' 'giờ' 'tối'],"['Other' 'Other' 'Other' 'Other' 'Other' 'Other' 'Other' 'Other' 'time'
 'time' 'time']",36,play_radio,play,4.56,48000,1,True,SVM_CLOSED_SET,SVM_EXPERIMENTAL,cc8631dcd897d9fe061ff2e5c63a1ea5debe906bf609630359357f4958cea314,SVM_CLOSED_SET,TRAIN,svm_closed_set_train
9816,dev/2db1bbcd22149535be37654ec754212c.wav,validation,SVM,vi-VN,5c9d67af9e01ef000197cd15,exp_svm_spk_0003,Female,59,tìm phần phát lại này trong sách nói và mở cho tôi,tìm phần phát lại này trong [media_type : sách nói] và mở cho tôi,"['tìm' 'phần' 'phát' 'lại' 'này' 'trong' 'sách' 'nói' 'và' 'mở'
 'cho' 'tôi']","['Other' 'Other' 'Other' 'Other' 'Other' 'Other' 'media_type' 'media_type'
 'Other' 'Other' 'Other' 'Other']",20,play_audiobook,play,4.26,48000,1,True,SVM_CLOSED_SET,SVM_EXPERIMENTAL,74d9d4fdf61d4ff6c7c02ad29178c79ced7800be6037ee8d3bfdc09e8ac5e553,SVM_CLOSED_SET,TRAIN,svm_closed_set_train
562,dev/b930b239b08ca32251a9b604d01d0d01.wav,validation,SVM,vi-VN,5e133bbe6a5bff9911b73cfc,exp_svm_spk_0004,Female,31,tắt báo thức lúc tám giờ sáng của tôi,tắt báo thức lúc [time : tám giờ sáng] của tôi,['tắt' 'báo' 'thức' 'lúc' 'tám' 'giờ' 'sáng' 'của' 'tôi'],['Other' 'Other' 'Other' 'Other' 'time' 'time' 'time' 'Other' 'Other'],52,alarm_remove,alarm,3.84,48000,1,True,SVM_CLOSED_SET,SVM_EXPERIMENTAL,162dda3a7bdf143acee9723d7bd521a923fd7023ee2ec67d625e4f29e541f15f,SVM_CLOSED_SET,TRAIN,svm_closed_set_train
11876,dev/5fa6fa43deeaba6840088dae3134121b.wav,validation,SVM,vi-VN,5e133bbe6a5bff9911b73cfc,exp_svm_spk_0004,Female,31,các hoạt động nào đang được tổ chức ở chỗ tôi,các hoạt động nào đang được tổ chức ở chỗ tôi,['các' 'hoạt' 'động' 'nào' 'đang' 'được' 'tổ' 'chức' 'ở' 'chỗ' 'tôi'],"['Other' 'Other' 'Other' 'Other' 'Other' 'Other' 'Other' 'Other' 'Other'
 'Other' 'Other']",6,recommendation_events,recommendation,3.24,48000,1,True,SVM_CLOSED_SET,SVM_EXPERIMENTAL,2cabf2025c8f99954917a3b14b51e12d833b453d6ee97fb6f57aea10ac8da593,SVM_CLOSED_SET,TRAIN,svm_closed_set_train
616,dev/7eaf0a13865637fd8e7bc610b151f6b4.wav,validation,SVM,vi-VN,5e133bbe6a5bff9911b73cfc,exp_svm_spk_0004,Female,31,olly mở bài hát từ danh sách phát của tôi,olly mở bài hát từ danh sách phát của tôi,['olly' 'mở' 'bài' 'hát' 'từ' 'danh' 'sách' 'phát' 'của' 'tôi'],"['Other' 'Other' 'Other' 'Other' 'Other' 'Other' 'Other' 'Other' 'Other'
 'Other']",45,play_music,play,4.56,48000,1,True,SVM_CLOSED_SET,SVM_EXPERIMENTAL,71b5fecb9505c75f3c789d171b225cfda4744fee0f7d9a3ac932c10a3c262dbc,SVM_CLOSED_SET,TRAIN,svm_closed_set_train
12119,dev/a8435c0ddefc335eedb91cef5f6a21a4.wav,validation,SVM,vi-VN,5e133bbe6a5bff9911b73cfc,exp_svm_spk_0004,Female,31,vui lòng tìm các sự kiện ở vị trí của tôi,vui lòng tìm các sự kiện ở vị trí của tôi,['vui' 'lòng' 'tìm' 'các' 'sự' 'kiện' 'ở' 'vị' 'trí' 'của' 'tôi'],"['Other' 'Other' 'Other' 'Other' 'Other' 'Other' 'Other' 'Other' 'Other'
 'Other' 'Other']",6,recommendation_events,recommendation,3.48,48000,1,True,SVM_CLOSED_SET,SVM_EXPERIMENTAL,556aeb3ce20ce510bbf34f1dd83115784c5164790f9cd65586302bb00422cc79,SVM_CLOSED_SET,TRAIN,svm_closed_set_train
12768,dev/97a4422c7c31885b6733013409a7daf0.wav,validation,SVM,vi-VN,5e133bbe6a5bff9911b73cfc,exp_svm_spk_0004,Female,31,bao nhiêu tiền một vé xe lửa đến hồ chí minh,bao nhiêu tiền một vé [transport_type : xe lửa] đến [place_name : hồ chí minh],['bao' 'nhiêu' 'tiền' 'một' 'vé' 'xe' 'lửa' 'đến' 'hồ' 'chí' 'minh'],"['Other' 'Other' 'Other' 'Other' 'Other' 'transport_type' 'transport_type'
 'Other' 'place_name' 'place_name' 'place_name']",42,transport_query,transport,4.08,48000,1,True,SVM_CLOSED_SET,SVM_EXPERIMENTAL,55cb9b091f2916b011f1019c88eb15864b3f9d4312fa31f3b3cdc38ee35030c7,SVM_CLOSED_SET,TRAIN,svm_closed_set_train
8697,dev/0af6b19cb42aa3fe9b2107acd90ee722.wav,validation,SVM,vi-VN,5e133bbe6a5bff9911b73cfc,exp_svm_spk_0004,Female,31,tôi có một cuộc họp với an vào ngày hai mươi mốt tháng ba lúc mười giờ,tôi có một [event_name : cuộc họp] với [person : an] vào [date : ngày hai mươi mốt tháng ba] lúc [time : mười giờ],"['tôi' 'có' 'một' 'cuộc' 'họp' 'với' 'an' 'vào' 'ngày' 'hai' 'mươi' 'mốt'
 'tháng' 'ba' 'lúc' 'mười' 'giờ']","['Other' 'Other' 'Other' 'event_name' 'event_name' 'Other' 'person'
 'Other' 'date' 'date' 'date' 'date' 'date' 'date' 'Other' 'time' 'time']",50,calendar_set,calendar,5.22,48000,1,True,SVM_CLOSED_SET,SVM_EXPERIMENTAL,2337150051562c06ef8e1e6cdb21a95e2d32cd3111354d123902d03ed0db4c92,SVM_CLOSED_SET,TRAIN,svm_closed_set_train
16885,dev/fafc52383c18a1115c5847539fbc8774.wav,validation,SVM,vi-VN,5e133bbe6a5bff9911b73cfc,exp_svm_spk_0004,Female,31,gửi một email đến chị vy hỏi cô ấy rằng dean nộp bài tập về nhà cuối cùng của em ấy được không,gửi một email đến [person : chị vy] hỏi cô ấy rằng dean nộp bài tập về nhà cuối cùng của em ấy được không,"['gửi' 'một' 'email' 'đến' 'chị' 'vy' 'hỏi' 'cô' 'ấy' 'rằng' 'dean' 'nộp'
 'bài' 'tập' 'về' 'nhà' 'cuối' 'cùng' 'của' 'em' 'ấy' 'được' 'không']","['Other' 'Other' 'Other' 'Other' 'person' 'person' 'Other' 'Other' 'Other'
 'Other' 'Other' 'Other' 'Other' 'Other' 'Other' 'Other' 'Other' 'Other'
 'Other' 'Other' 'Other' 'Other' 'Other']",33,email_sendemail,email,7.02,48000,1,True,SVM_CLOSED_SET,SVM_EXPERIMENTAL,6f2bf922a1c0df5bc9242449bc27103c0e77ac3ec96418f2ae18e3c3a338ef0d,SVM_CLOSED_SET,TRAIN,svm_closed_set_train
13583,dev/3d61c0a400f791849664e0da3171003f.wav,validation,SVM,vi-VN,5e133bbe6a5bff9911b73cfc,exp_svm_spk_0004,Female,31,tỷ giá chuyển đổi giữa đô la và euro hiện tại là bao nhiêu,tỷ giá chuyển đổi giữa [currency_name : đô la] và [currency_name : euro] hiện tại là bao nhiêu,"['tỷ' 'giá' 'chuyển' 'đổi' 'giữa' 'đô' 'la' 'và' 'euro' 'hiện' 'tại' 'là'
 'bao' 'nhiêu']","['Other' 'Other' 'Other' 'Other' 'Other' 'currency_name' 'currency_name'
 'Other' 'currency_name' 'Other' 'Other' 'Other' 'Other' 'Other']",10,qa_currency,qa,3.9,48000,1,True,SVM_CLOSED_SET,SVM_EXPERIMENTAL,abea6b34d6c50ed69741e3237d32070cc2359151438a1f588754effdd549146a,SVM_CLOSED_SET,TRAIN,svm_closed_set_train
8808,dev/b22ff843e7a317f71bda2d367bf4aab7.wav,validation,SVM,vi-VN,5e133bbe6a5bff9911b73cfc,exp_svm_spk_0004,Female,31,tôi có cần được nhắc nhở về bất kỳ cuộc họp nào vào thứ hai không,tôi có cần được nhắc nhở về bất kỳ [event_name : cuộc họp] nào vào [date : thứ hai] không,"['tôi' 'có' 'cần' 'được' 'nhắc' 'nhở' 'về' 'bất' 'kỳ' 'cuộc' 'họp' 'nào'
 'vào' 'thứ' 'hai' 'không']","['Other' 'Other' 'Other' 'Other' 'Other' 'Other' 'Other' 'Other' 'Other'
 'event_name' 'event_name' 'Other' 'Other' 'date' 'date' 'Other']",50,calendar_set,calendar,5.1,48000,1,True,SVM_CLOSED_SET,SVM_EXPERIMENTAL,d2bab0d788ece2f047b92bd6849e106be4cfeccc0d9a3b8391ab2bfa404714aa,SVM_CLOSED_SET,TRAIN,svm_closed_set_train
9614,dev/8154aab1f8e49e69294a65535fff87ae.wav,validation,SVM,vi-VN,5e133bbe6a5bff9911b73cfc,exp_svm_spk_0004,Female,31,mở kênh chín mươi chín chấm năm f. m.,mở kênh [radio_name : chín mươi chín chấm năm f. m.],['mở' 'kênh' 'chín' 'mươi' 'chín' 'chấm' 'năm' 'f.' 'm.'],"['Other' 'Other' 'radio_name' 'radio_name' 'radio_name' 'radio_name'
 'radio_name' 'radio_name' 'radio_name']",36,play_radio,play,3.36,48000,1,True,SVM_CLOSED_SET,SVM_EXPERIMENTAL,27043681023bd833b866ede1a55e000f39fc6e9677144011fece9f31fa2f9772,SVM_CLOSED_SET,TRAIN,svm_closed_set_train
8522,dev/78a51ba8349e81d99ae7fb2216f9f273.wav,validation,SVM,vi-VN,6557ebf8541bd32382739c1a,exp_svm_spk_0005,Female,30,tôi muốn thêm thứ gì đó vào lịch của mình,tôi muốn thêm thứ gì đó vào lịch của mình,['tôi' 'muốn' 'thêm' 'thứ' 'gì' 'đó' 'vào' 'lịch' 'của' 'mình'],"['Other' 'Other' 'Other' 'Other' 'Other' 'Other' 'Other' 'Other' 'Other'
 'Other']",50,calendar_set,calendar,4.32,48000,1,True,SVM_CLOSED_SET,SVM_EXPERIMENTAL,b48bd9bd5d07f917cfd37dd57f27d1881fae877600fa35de3c2e8a5608f01c04,SVM_CLOSED_SET,TRAIN,svm_closed_set_train
511,dev/68f61e93d72ce3404fba710e031e5578.wav,validation,SVM,vi-VN,6557ebf8541bd32382739c1a,exp_svm_spk_0005,Female,30,bởi mỹ tâm,bởi mỹ tâm,['bởi' 'mỹ' 'tâm'],['Other' 'Other' 'Other'],13,weather_query,weather,2.76,48000,1,True,SVM_CLOSED_SET,SVM_EXPERIMENTAL,646460ac8d0bf385fdb725688e78c446e913f4bee59f01d59b5dab416f604b37,SVM_CLOSED_SET,TRAIN,svm_closed_set_train
15349,dev/923a8fc59f2dfb3b71ab7791b2c56e96.wav,validation,SVM,vi-VN,6557ebf8541bd32382739c1a,exp_svm_spk_0005,Female,30,tôi không vui với big c vui lòng giúp tôi,tôi không vui với [business_name : big c] vui lòng giúp tôi,['tôi' 'không' 'vui' 'với' 'big' 'c' 'vui' 'lòng' 'giúp' 'tôi'],"['Other' 'Other' 'Other' 'Other' 'business_name' 'business_name' 'Other'
 'Other' 'Other' 'Other']",47,social_post,social,4.62,48000,1,True,SVM_CLOSED_SET,SVM_EXPERIMENTAL,44cefd0d808c65270b8ea10e189c528513a1f1a851d45c1977e9fb9a6af240af,SVM_CLOSED_SET,TRAIN,svm_closed_set_train
921,dev/768018a94d9deba8ba7c0324c33dcb32.wav,validation,SVM,vi-VN,6557ebf8541bd32382739c1a,exp_svm_spk_0005,Female,30,chơi nhạc từ ca sỹ yêu thích của tôi,chơi nhạc từ ca sỹ yêu thích của tôi,['chơi' 'nhạc' 'từ' 'ca' 'sỹ' 'yêu' 'thích' 'của' 'tôi'],['Other' 'Other' 'Other' 'Other' 'Other' 'Other' 'Other' 'Other' 'Other'],45,play_music,play,4.26,48000,1,True,SVM_CLOSED_SET,SVM_EXPERIMENTAL,72d336282ff21bd005de5f5b1f058fc3c7afbdf8395c11da2481433dbeb92f07,SVM_CLOSED_SET,TRAIN,svm_closed_set_train
1687,dev/35c1f26b6152c5573fcab45dd2184f11.wav,validation,SVM,vi-VN,6557ebf8541bd32382739c1a,exp_svm_spk_0005,Female,30,nhiệt độ của ngày mai sẽ nóng hay không,[weather_descriptor : nhiệt độ] [date : của ngày mai] sẽ [weather_descriptor : nóng] hay không,['nhiệt' 'độ' 'của' 'ngày' 'mai' 'sẽ' 'nóng' 'hay' 'không'],"['weather_descriptor' 'weather_descriptor' 'date' 'date' 'date' 'Other'
 'weather_descriptor' 'Other' 'Other']",13,weather_query,weather,4.38,48000,1,True,SVM_CLOSED_SET,SVM_EXPERIMENTAL,cf7f0d77ac2f042d5b5d9ae00c7b05642e981b6b583d85fddc7722df87ca1e14,SVM_CLOSED_SET,TRAIN,svm_closed_set_train
6723,dev/5846bd9fa82bf4bc4d3cf35d5795cacf.wav,validation,SVM,vi-VN,6557ebf8541bd32382739c1a,exp_svm_spk_0005,Female,30,olly danh sách công việc còn lại trong tuần,olly danh sách công việc [time : còn lại trong tuần],['olly' 'danh' 'sách' 'công' 'việc' 'còn' 'lại' 'trong' 'tuần'],['Other' 'Other' 'Other' 'Other' 'Other' 'time' 'time' 'time' 'time'],32,calendar_query,calendar,4.56,48000,1,True,SVM_CLOSED_SET,SVM_EXPERIMENTAL,128900a29abe018294cea7eee330dcb65f567b2fcd3856d2bd12c66fd9a5e190,SVM_CLOSED_SET,TRAIN,svm_closed_set_train
2668,dev/1225f66f6e867a72340705505cc9c37d.wav,validation,SVM,vi-VN,6557ebf8541bd32382739c1a,exp_svm_spk_0005,Female,30,tin tức mới từ báo người lao động,tin tức mới từ [media_type : báo người lao động],['tin' 'tức' 'mới' 'từ' 'báo' 'người' 'lao' 'động'],"['Other' 'Other' 'Other' 'Other' 'media_type' 'media_type' 'media_type'
 'media_type']",22,news_query,news,4.08,48000,1,True,SVM_CLOSED_SET,SVM_EXPERIMENTAL,95670be33c02153cb1eb9766b56c236a7de8d2514642cc6137cc29ffc2e360b5,SVM_CLOSED_SET,TRAIN,svm_closed_set_train
8594,dev/6d7dd172fc1868facc5c538feec07175.wav,validation,SVM,vi-VN,6557ebf8541bd32382739c1a,exp_svm_spk_0005,Female,30,sắp xếp sự kiện tiệc bể bơi ở chỗ của nam trong lịch của tôi thứ bảy này,sắp xếp sự kiện [event_name : tiệc bể bơi] ở [place_name : chỗ của nam] trong lịch của tôi [date : thứ bảy này],"['sắp' 'xếp' 'sự' 'kiện' 'tiệc' 'bể' 'bơi' 'ở' 'chỗ' 'của' 'nam' 'trong'
 'lịch' 'của' 'tôi' 'thứ' 'bảy' 'này']","['Other' 'Other' 'Other' 'Other' 'event_name' 'event_name' 'event_name'
 'Other' 'place_name' 'place_name' 'place_name' 'Other' 'Other' 'Other'
 'Other' 'date' 'date' 'date']",50,calendar_set,calendar,6.36,48000,1,True,SVM_CLOSED_SET,SVM_EXPERIMENTAL,d8dc7ddbe31936d79cb21743a9a0c30bcf54f55065fba4ba84917f9e8a225e91,SVM_CLOSED_SET,TRAIN,svm_closed_set_train
5108,dev/c13ce5370a88bcb6827bc1d0591c9831.wav,validation,SVM,vi-VN,6557ebf8541bd32382739c1a,exp_svm_spk_0005,Female,30,mở tiếp theo bài người hãy quên em đi,mở tiếp theo bài [song_name : người hãy quên em đi],['mở' 'tiếp' 'theo' 'bài' 'người' 'hãy' 'quên' 'em' 'đi'],"['Other' 'Other' 'Other' 'Other' 'song_name' 'song_name' 'song_name'
 'song_name' 'song_name']",45,play_music,play,4.32,48000,1,True,SVM_CLOSED_SET,SVM_EXPERIMENTAL,5ecb246212d6f0c8197d1f80ec90a67540db3aa48eb7cff000f2aac60436c43c,SVM_CLOSED_SET,TRAIN,svm_closed_set_train
7424,dev/9113c8c3ac5dcbb19e6fd278af2c6130.wav,validation,SVM,vi-VN,6557ebf8541bd32382739c1a,exp_svm_spk_0005,Female,30,tham gia buổi tiệc trước cuộc họp,tham gia [event_name : buổi tiệc] trước cuộc họp,['tham' 'gia' 'buổi' 'tiệc' 'trước' 'cuộc' 'họp'],['Other' 'Other' 'event_name' 'event_name' 'Other' 'Other' 'Other'],50,calendar_set,calendar,4.02,48000,1,True,SVM_CLOSED_SET,SVM_EXPERIMENTAL,6afbfaedd83924ac70ae3e8f65c25f2ad81063ae2e22aa2143f4f622bf1b3405,SVM_CLOSED_SET,TRAIN,svm_closed_set_train
6925,dev/c459fcefdc25f0abd3c064bf1afb4f6f.wav,validation,SVM,vi-VN,5ee49e71f8d19d00098aca3e,exp_svm_spk_0006,Male,27,có bất kỳ chương trình nào tối mai không,có bất kỳ chương trình nào [timeofday : tối] [date : mai] không,['có' 'bất' 'kỳ' 'chương' 'trình' 'nào' 'tối' 'mai' 'không'],"['Other' 'Other' 'Other' 'Other' 'Other' 'Other' 'timeofday' 'date'
 'Other']",32,calendar_query,calendar,3.78,48000,1,True,SVM_CLOSED_SET,SVM_EXPERIMENTAL,9148350cd29a6f84e4bddbd4832b3cd3eb4209083bc95e5f574fcc6b752dce50,SVM_CLOSED_SET,TRAIN,svm_closed_set_train
2665,dev/eef4e48b3273b225694ca9ad56261fdc.wav,validation,SVM,vi-VN,5ee49e71f8d19d00098aca3e,exp_svm_spk_0006,Male,27,hội đồng thành phố hà nội đang làm gì với người vô gia cư,[news_topic : hội đồng thành phố] [place_name : hà nội] đang [news_topic : làm gì với người vô gia cư],"['hội' 'đồng' 'thành' 'phố' 'hà' 'nội' 'đang' 'làm' 'gì' 'với'
 'người' 'vô' 'gia' 'cư']","['news_topic' 'news_topic' 'news_topic' 'news_topic' 'place_name'
 'place_name' 'Other' 'news_topic' 'news_topic' 'news_topic' 'news_topic'
 'news_topic' 'news_topic' 'news_topic']",22,news_query,news,3.84,48000,1,True,SVM_CLOSED_SET,SVM_EXPERIMENTAL,ccb4dc9d8d8d21cd046f2106f0663c4a573f7d78af20c766c4768e41cbf9a343,SVM_CLOSED_SET,TRAIN,svm_closed_set_train
1380,dev/27466d88d08eb2a8ec656c1edb05b709.wav,validation,SVM,vi-VN,5ee49e71f8d19d00098aca3e,exp_svm_spk_0006,Male,27,tôi có thể đặt mang đi ở romero hay không,tôi có thể đặt [order_type : mang đi] ở [business_name : romero] hay không,['tôi' 'có' 'thể' 'đặt' 'mang' 'đi' 'ở' 'romero' 'hay' 'không'],"['Other' 'Other' 'Other' 'Other' 'order_type' 'order_type' 'Other'
 'business_name' 'Other' 'Other']",3,takeaway_query,takeaway,4.68,48000,1,True,SVM_CLOSED_SET,SVM_EXPERIMENTAL,28d81f3e320399175d9515fd8605f5f3c165c48ffe84974a8a5e9e137a8ef189,SVM_CLOSED_SET,TRAIN,svm_closed_set_train
6158,dev/0c53de437507c32d3c04610c4d8733fc.wav,validation,SVM,vi-VN,5ee49e71f8d19d00098aca3e,exp_svm_spk_0006,Male,27,bật máy hút bụi,bật [device_type : máy hút bụi],['bật' 'máy' 'hút' 'bụi'],['Other' 'device_type' 'device_type' 'device_type'],34,iot_cleaning,iot,2.58,48000,1,True,SVM_CLOSED_SET,SVM_EXPERIMENTAL,04375b0b39759e0a48e1543e1fdbc0b7bb1f5b077456a468078ec4261166fb1b,SVM_CLOSED_SET,TRAIN,svm_closed_set_train
14989,dev/c1c0e8bfa09629ee2719ba80af205f78.wav,validation,SVM,vi-VN,5ee49e71f8d19d00098aca3e,exp_svm_spk_0006,Male,27,hòn đảo nào nhỏ nhất trên thế giới,hòn đảo nào nhỏ nhất trên [place_name : thế giới],['hòn' 'đảo' 'nào' 'nhỏ' 'nhất' 'trên' 'thế' 'giới'],['Other' 'Other' 'Other' 'Other' 'Other' 'Other' 'place_name' 'place_name'],49,qa_factoid,qa,3.42,48000,1,True,SVM_CLOSED_SET,SVM_EXPERIMENTAL,480b61ad3a52786ce5409f419a4a29691138fbf1888da2fcf79ead1d19dedfba,SVM_CLOSED_SET,TRAIN,svm_closed_set_train
14755,dev/7d4f4db2853acbd11526e38d43494ffc.wav,validation,SVM,vi-VN,5ee49e71f8d19d00098aca3e,exp_svm_spk_0006,Male,27,đền hùng nằm ở đâu,[place_name : đền hùng] nằm ở đâu,['đền' 'hùng' 'nằm' 'ở' 'đâu'],['place_name' 'place_name' 'Other' 'Other' 'Other'],49,qa_factoid,qa,2.64,48000,1,True,SVM_CLOSED_SET,SVM_EXPERIMENTAL,43122fa0f21062e2e5385dae9e260d977a4404e951f2f2ed5191cc35ad48b47c,SVM_CLOSED_SET,TRAIN,svm_closed_set_train
4012,dev/5f9d5418fed286d625042e17f067c6d6.wav,validation,SVM,vi-VN,5ee49e71f8d19d00098aca3e,exp_svm_spk_0006,Male,27,bật dọn dẹp,bật dọn dẹp,['bật' 'dọn' 'dẹp'],['Other' 'Other' 'Other'],34,iot_cleaning,iot,2.04,48000,1,True,SVM_CLOSED_SET,SVM_EXPERIMENTAL,7dc451b03f4c20ebabacf79da06ec9475c62d9595bb334ad9b3324ab07095cbd,SVM_CLOSED_SET,TRAIN,svm_closed_set_train
5755,dev/103032544d95146153d72cc30a67accd.wav,validation,SVM,vi-VN,5ee49e71f8d19d00098aca3e,exp_svm_spk_0006,Male,27,bật âm thanh,bật âm thanh,['bật' 'âm' 'thanh'],['Other' 'Other' 'Other'],14,audio_volume_up,audio,1.56,48000,1,True,SVM_CLOSED_SET,SVM_EXPERIMENTAL,598d8e70b5c06ff2aed209fa42fe7a86e8aa43ccea1da86698678322ed83ffe0,SVM_CLOSED_SET,TRAIN,svm_closed_set_train
851,dev/cf0b3ce272bd984f6afa120d9ebfb616.wav,validation,SVM,vi-VN,5ee49e71f8d19d00098aca3e,exp_svm_spk_0006,Male,27,bật sáng các đèn,bật sáng các đèn,['bật' 'sáng' 'các' 'đèn'],['Other' 'Other' 'Other' 'Other'],18,iot_hue_lightup,iot,2.22,48000,1,True,SVM_CLOSED_SET,SVM_EXPERIMENTAL,e7bce7e6bca90c9a51d7859ca92b7c71b0b220945145dd9f516fd056befe6113,SVM_CLOSED_SET,TRAIN,svm_closed_set_train
1223,dev/2fffa18177a7d2091f2633a0151d9a22.wav,validation,SVM,vi-VN,5ee49e71f8d19d00098aca3e,exp_svm_spk_0006,Male,27,cập nhật thời tiết vào thứ ba như thế nào,cập nhật thời tiết vào [date : thứ ba] như thế nào,['cập' 'nhật' 'thời' 'tiết' 'vào' 'thứ' 'ba' 'như' 'thế' 'nào'],"['Other' 'Other' 'Other' 'Other' 'Other' 'date' 'date' 'Other' 'Other'
 'Other']",13,weather_query,weather,3.12,48000,1,True,SVM_CLOSED_SET,SVM_EXPERIMENTAL,1edb16e38e5bd2f174fbc4af9a3ede12459a2560b5061b0a876881a9f49ab99a,SVM_CLOSED_SET,TRAIN,svm_closed_set_train
12923,dev/78f6884689cc8d8fb01b17ee005b1965.wav,validation,SVM,vi-VN,5e4247e718b8910d4a2b9a34,exp_svm_spk_0007,Female,32,tôi có thể bắt được chuyến tàu gần nhất lúc mấy giờ,tôi có thể bắt được [transport_type : chuyến tàu] gần nhất lúc mấy giờ,"['tôi' 'có' 'thể' 'bắt' 'được' 'chuyến' 'tàu' 'gần' 'nhất' 'lúc' 'mấy'
 'giờ']","['Other' 'Other' 'Other' 'Other' 'Other' 'transport_type' 'transport_type'
 'Other' 'Other' 'Other' 'Other' 'Other']",42,transport_query,transport,4.44,48000,1,True,SVM_CLOSED_SET,SVM_EXPERIMENTAL,e745a80ae073e759802c82e3c3827365daf32c04d1a467be2cc0b60832e2f47a,SVM_CLOSED_SET,TRAIN,svm_closed_set_train
9299,dev/da5dd56da4f9cbd14a9aeaeb7755553c.wav,validation,SVM,vi-VN,5e4247e718b8910d4a2b9a34,exp_svm_spk_0007,Female,32,bạn có thể bắt đầu kênh radio f. m. tám trăm chín mươi không,bạn có thể bắt đầu kênh radio [radio_name : f. m. tám trăm chín mươi] không,"['bạn' 'có' 'thể' 'bắt' 'đầu' 'kênh' 'radio' 'f.' 'm.' 'tám' 'trăm'
 'chín' 'mươi' 'không']","['Other' 'Other' 'Other' 'Other' 'Other' 'Other' 'Other' 'radio_name'
 'radio_name' 'radio_name' 'radio_name' 'radio_name' 'radio_name' 'Other']",36,play_radio,play,6.0,48000,1,True,SVM_CLOSED_SET,SVM_EXPERIMENTAL,4fdb62b49a616a860d3bdf2195030ba2b3074079f2c7941b024619904849d3e9,SVM_CLOSED_SET,TRAIN,svm_closed_set_train
4421,dev/8ef9c577c4eac8faf3accef9a42b8c17.wav,validation,SVM,vi-VN,5e4247e718b8910d4a2b9a34,exp_svm_spk_0007,Female,32,tắt tiếng âm thanh,tắt tiếng âm thanh,['tắt' 'tiếng' 'âm' 'thanh'],['Other' 'Other' 'Other' 'Other'],46,audio_volume_mute,audio,2.7,48000,1,True,SVM_CLOSED_SET,SVM_EXPERIMENTAL,deb8a1d59017988ba3319ae24c30258b01deaf6a88dfe36df5844101e4425dac,SVM_CLOSED_SET,TRAIN,svm_closed_set_train
15836,dev/292071b6f205e28e4928fe5192a7c22b.wav,validation,SVM,vi-VN,5e4247e718b8910d4a2b9a34,exp_svm_spk_0007,Female,32,mở thư điện tử gần đây nhất của tôi và trả lời,mở thư điện tử gần đây nhất của tôi và trả lời,['mở' 'thư' 'điện' 'tử' 'gần' 'đây' 'nhất' 'của' 'tôi' 'và' 'trả' 'lời'],"['Other' 'Other' 'Other' 'Other' 'Other' 'Other' 'Other' 'Other' 'Other'
 'Other' 'Other' 'Other']",33,email_sendemail,email,4.98,48000,1,True,SVM_CLOSED_SET,SVM_EXPERIMENTAL,6285ef9b8ed508c23c29cc03afe1f792eb5c8c26d7c111a8002fcbdd8c03ebde,SVM_CLOSED_SET,TRAIN,svm_closed_set_train
15065,dev/106a8128c29238e84d09eb3856a02c93.wav,validation,SVM,vi-VN,5e4247e718b8910d4a2b9a34,exp_svm_spk_0007,Female,32,cho tôi biết brexit sẽ ảnh hưởng đến công dân e. u. thế nào trong dài hạn và trung hạn,cho tôi biết brexit sẽ ảnh hưởng đến công dân e. u. thế nào trong dài hạn và trung hạn,"['cho' 'tôi' 'biết' 'brexit' 'sẽ' 'ảnh' 'hưởng' 'đến' 'công' 'dân' 'e.'
 'u.' 'thế' 'nào' 'trong' 'dài' 'hạn' 'và' 'trung' 'hạn']","['Other' 'Other' 'Other' 'Other' 'Other' 'Other' 'Other' 'Other' 'Other'
 'Other' 'Other' 'Other' 'Other' 'Other' 'Other' 'Other' 'Other' 'Other'
 'Other' 'Other']",49,qa_factoid,qa,7.02,48000,1,True,SVM_CLOSED_SET,SVM_EXPERIMENTAL,08726a65068570a434a5e9960e692e48e90f7fbb82965eb992ad67da7882a70a,SVM_CLOSED_SET,TRAIN,svm_closed_set_train
13756,dev/9cf094f0f347bc9cddb38c829d6f4584.wav,validation,SVM,vi-VN,5e4247e718b8910d4a2b9a34,exp_svm_spk_0007,Female,32,tìm cho tôi thông tin trên,tìm cho tôi thông tin trên,['tìm' 'cho' 'tôi' 'thông' 'tin' 'trên'],['Other' 'Other' 'Other' 'Other' 'Other' 'Other'],26,qa_definition,qa,3.6,48000,1,True,SVM_CLOSED_SET,SVM_EXPERIMENTAL,c971c43b895e184a1c79db34cdfe236dd861bb5536046afda9b87d84c47dbeee,SVM_CLOSED_SET,TRAIN,svm_closed_set_train
13914,dev/efa27c6b581fb425424262be436d37bd.wav,validation,SVM,vi-VN,5e4247e718b8910d4a2b9a34,exp_svm_spk_0007,Female,32,bạn có thể cho tôi biết tỷ giá hối đoái của đồng đô la sang đồng rupee được không,bạn có thể cho tôi biết tỷ giá hối đoái của đồng đô la sang đồng rupee được không,"['bạn' 'có' 'thể' 'cho' 'tôi' 'biết' 'tỷ' 'giá' 'hối' 'đoái' 'của' 'đồng'
 'đô' 'la' 'sang' 'đồng' 'rupee' 'được' 'không']","['Other' 'Other' 'Other' 'Other' 'Other' 'Other' 'Other' 'Other' 'Other'
 'Other' 'Other' 'Other' 'Other' 'Other' 'Other' 'Other' 'Other' 'Other'
 'Other']",49,qa_factoid,qa,6.54,48000,1,True,SVM_CLOSED_SET,SVM_EXPERIMENTAL,2217bbdefe0aa3bf3742cfd23393a39723a4fc65857312f080fc7e220a514ed4,SVM_CLOSED_SET,TRAIN,svm_closed_set_train
6655,dev/8fae2e284a7332280f5d10a102f0cc67.wav,validation,SVM,vi-VN,5e4247e718b8910d4a2b9a34,exp_svm_spk_0007,Female,32,thành phần cần thiết ở tiệm tạp hóa,thành phần cần thiết ở [business_type : tiệm tạp hóa],['thành' 'phần' 'cần' 'thiết' 'ở' 'tiệm' 'tạp' 'hóa'],"['Other' 'Other' 'Other' 'Other' 'Other' 'business_type' 'business_type'
 'business_type']",12,general_quirky,general,3.84,48000,1,True,SVM_CLOSED_SET,SVM_EXPERIMENTAL,2bcd995a2b4028f8b0efdb3c9ee909a64441f214e9489747cba3f7fa2a6b92a4,SVM_CLOSED_SET,TRAIN,svm_closed_set_train
6673,dev/9554b5c7ce75328b338d89f443eb9e34.wav,validation,SVM,vi-VN,5e4247e718b8910d4a2b9a34,exp_svm_spk_0007,Female,32,nó như thế nào rồi,nó như thế nào rồi,['nó' 'như' 'thế' 'nào' 'rồi'],['Other' 'Other' 'Other' 'Other' 'Other'],12,general_quirky,general,3.18,48000,1,True,SVM_CLOSED_SET,SVM_EXPERIMENTAL,92ee7c024995e3e7a5df2755ba012912cc96f7274fdcadb5e550c82d3e1a00de,SVM_CLOSED_SET,TRAIN,svm_closed_set_train
13836,dev/5f491a4df79972de1cb4384101e90397.wav,validation,SVM,vi-VN,5e4247e718b8910d4a2b9a34,exp_svm_spk_0007,Female,32,tôn giáo nào là đúng đắn nhất,tôn giáo nào là đúng đắn nhất,['tôn' 'giáo' 'nào' 'là' 'đúng' 'đắn' 'nhất'],['Other' 'Other' 'Other' 'Other' 'Other' 'Other' 'Other'],12,general_quirky,general,3.6,48000,1,True,SVM_CLOSED_SET,SVM_EXPERIMENTAL,63bddabb5ffcface69af2255cfcd942d0e62d2fa7f2e09cc5d3a4c79470a1c42,SVM_CLOSED_SET,TRAIN,svm_closed_set_train
1416,dev/a96f1d5fde98dc39aa04f3d93227a1b5.wav,validation,SVM,vi-VN,5fb84feecf0626000b30cbd3,exp_svm_spk_0008,Male,29,đặt vài món mang đi,đặt vài món [order_type : mang đi],['đặt' 'vài' 'món' 'mang' 'đi'],['Other' 'Other' 'Other' 'order_type' 'order_type'],16,takeaway_order,takeaway,1.38,48000,1,True,SVM_CLOSED_SET,SVM_EXPERIMENTAL,91bf9e742d441af18b5d656782ae2c2370d660ae19d1c72a0ce33fdfb1ee9771,SVM_CLOSED_SET,TRAIN,svm_closed_set_train
15247,dev/5b94bcd001e4f4aba1c77373153e8f80.wav,validation,SVM,vi-VN,5fb84feecf0626000b30cbd3,exp_svm_spk_0008,Male,29,đăng trạng thái lên facebook,đăng trạng thái lên [media_type : facebook],['đăng' 'trạng' 'thái' 'lên' 'facebook'],['Other' 'Other' 'Other' 'Other' 'media_type'],47,social_post,social,2.46,48000,1,True,SVM_CLOSED_SET,SVM_EXPERIMENTAL,0ed768a8ea6b3a57ea05c8a0a6d9b642ac4ae2ab5a0067175ae78fe286adea37,SVM_CLOSED_SET,TRAIN,svm_closed_set_train
10648,dev/6e79f07e8bc7a4994124ae53fe9282e0.wav,validation,SVM,vi-VN,5fb84feecf0626000b30cbd3,exp_svm_spk_0008,Male,29,thêm tạp hóa vào danh sách,thêm tạp hóa vào danh sách,['thêm' 'tạp' 'hóa' 'vào' 'danh' 'sách'],['Other' 'Other' 'Other' 'Other' 'Other' 'Other'],21,lists_createoradd,lists,2.22,48000,1,True,SVM_CLOSED_SET,SVM_EXPERIMENTAL,085ff8e82c8e28a43f3593ab6f47a556e8a8247e0bd3af82ea171a31a1f8ba23,SVM_CLOSED_SET,TRAIN,svm_closed_set_train
9383,dev/0eb9f881c6eb1d1adc7eea597bba33c3.wav,validation,SVM,vi-VN,5fb84feecf0626000b30cbd3,exp_svm_spk_0008,Male,29,phát b. b. c. radio số một,phát [radio_name : b. b. c. radio số một],['phát' 'b.' 'b.' 'c.' 'radio' 'số' 'một'],"['Other' 'radio_name' 'radio_name' 'radio_name' 'radio_name' 'radio_name'
 'radio_name']",36,play_radio,play,3.84,48000,1,True,SVM_CLOSED_SET,SVM_EXPERIMENTAL,c81e30747689fc5b2cb22cfa255233ed23eaf10013e1a9a8fb8cc23759fd72bb,SVM_CLOSED_SET,TRAIN,svm_closed_set_train
15910,dev/26dbb695ab7b73dc9ef8e10d06a864fe.wav,validation,SVM,vi-VN,5fb84feecf0626000b30cbd3,exp_svm_spk_0008,Male,29,kiểm tra thư điện tử trong mười hai giờ trước,kiểm tra thư điện tử trong [time : mười hai giờ trước],['kiểm' 'tra' 'thư' 'điện' 'tử' 'trong' 'mười' 'hai' 'giờ' 'trước'],"['Other' 'Other' 'Other' 'Other' 'Other' 'Other' 'time' 'time' 'time'
 'time']",44,email_query,email,3.3,48000,1,True,SVM_CLOSED_SET,SVM_EXPERIMENTAL,d6abd4423d2c51ffd73a4d405b805c2a7799270cf0ffe6ce0b6a5ccc38ed926b,SVM_CLOSED_SET,TRAIN,svm_closed_set_train
16788,dev/fa86970c444d92fd6b209a5bf6e7c632.wav,validation,SVM,vi-VN,5fb84feecf0626000b30cbd3,exp_svm_spk_0008,Male,29,ai đã email tôi mới đây,ai đã email tôi mới đây,['ai' 'đã' 'email' 'tôi' 'mới' 'đây'],['Other' 'Other' 'Other' 'Other' 'Other' 'Other'],44,email_query,email,2.28,48000,1,True,SVM_CLOSED_SET,SVM_EXPERIMENTAL,0887dde8d16dbf814a3974be7be8d69a5af36c05197bb67e7967f7f190e4215b,SVM_CLOSED_SET,TRAIN,svm_closed_set_train
3970,dev/ee82e60f55784b9a89596b3b1c0a21e8.wav,validation,SVM,vi-VN,5fb84feecf0626000b30cbd3,exp_svm_spk_0008,Male,29,thời tiết bây giờ thế nào,thời tiết bây giờ thế nào,['thời' 'tiết' 'bây' 'giờ' 'thế' 'nào'],['Other' 'Other' 'Other' 'Other' 'Other' 'Other'],13,weather_query,weather,2.4,48000,1,True,SVM_CLOSED_SET,SVM_EXPERIMENTAL,938afe6ca4c98b9e10bc7a0e8384965fe5665b85c2727041eee0ce7f557639b7,SVM_CLOSED_SET,TRAIN,svm_closed_set_train
13978,dev/62adc4598ef6b8b4d52b8d634154a219.wav,validation,SVM,vi-VN,5fb84feecf0626000b30cbd3,exp_svm_spk_0008,Male,29,ai là đỗ nam trung,ai là [person : đỗ nam trung],['ai' 'là' 'đỗ' 'nam' 'trung'],['Other' 'Other' 'person' 'person' 'person'],49,qa_factoid,qa,2.58,48000,1,True,SVM_CLOSED_SET,SVM_EXPERIMENTAL,03b722455a020ba9119a1d8dcd42b5253a6f46feaaa63dec4de8745fc2c027b1,SVM_CLOSED_SET,TRAIN,svm_closed_set_train
4900,dev/c0eda0b9c9e4e8ab6223965e96bb0990.wav,validation,SVM,vi-VN,5fb84feecf0626000b30cbd3,exp_svm_spk_0008,Male,29,ai hát bài này,ai hát bài này,['ai' 'hát' 'bài' 'này'],['Other' 'Other' 'Other' 'Other'],57,music_query,music,1.32,48000,1,True,SVM_CLOSED_SET,SVM_EXPERIMENTAL,92f5e1c6bd94119ed00462f06569abac43c97d83b71bea07bc863a296a42ed10,SVM_CLOSED_SET,TRAIN,svm_closed_set_train
15015,dev/c812edc9c268c4b5397c3fcd2fc377d3.wav,validation,SVM,vi-VN,5fb84feecf0626000b30cbd3,exp_svm_spk_0008,Male,29,sài gòn cách nhật bản bao xa,[place_name : sài gòn] cách [place_name : nhật bản] bao xa,['sài' 'gòn' 'cách' 'nhật' 'bản' 'bao' 'xa'],"['place_name' 'place_name' 'Other' 'place_name' 'place_name' 'Other'
 'Other']",42,transport_query,transport,2.82,48000,1,True,SVM_CLOSED_SET,SVM_EXPERIMENTAL,ac9c450a2bb45c4c1695191557e73120de29e69390f271996d578cff4878165c,SVM_CLOSED_SET,TRAIN,svm_closed_set_train
5436,dev/08803544868969e088a4f72777402d12.wav,validation,SVM,vi-VN,604b93f6432ad99bcb4798e8,exp_svm_spk_0009,Male,31,xóa báo thức năm giờ chiều,xóa báo thức [time : năm giờ chiều],['xóa' 'báo' 'thức' 'năm' 'giờ' 'chiều'],['Other' 'Other' 'Other' 'time' 'time' 'time'],52,alarm_remove,alarm,5.857166666666667,48000,1,True,SVM_CLOSED_SET,SVM_EXPERIMENTAL,ab67a9d2f36143905317d46f81b7caf4124fca0f80913a286820ef4108e0aa59,SVM_CLOSED_SET,TRAIN,svm_closed_set_train
14721,dev/ff7b9d4ca38bf0ea6815b08722c332f4.wav,validation,SVM,vi-VN,604b93f6432ad99bcb4798e8,exp_svm_spk_0009,Male,31,tỷ giá hối đoái đô la rupee,tỷ giá hối đoái [currency_name : đô la rupee],['tỷ' 'giá' 'hối' 'đoái' 'đô' 'la' 'rupee'],"['Other' 'Other' 'Other' 'Other' 'currency_name' 'currency_name'
 'currency_name']",10,qa_currency,qa,4.3345,48000,1,True,SVM_CLOSED_SET,SVM_EXPERIMENTAL,8327b98250e217dc8305460fd9d98c9a5c4a640e33d6e320fa9cd0baddd814e1,SVM_CLOSED_SET,TRAIN,svm_closed_set_train
6548,dev/159d8e7a9315d82de810f9af189191fa.wav,validation,SVM,vi-VN,604b93f6432ad99bcb4798e8,exp_svm_spk_0009,Male,31,hôm nay là một ngày mệt mỏi,[date : hôm nay] là một ngày mệt mỏi,['hôm' 'nay' 'là' 'một' 'ngày' 'mệt' 'mỏi'],['date' 'date' 'Other' 'Other' 'Other' 'Other' 'Other'],12,general_quirky,general,5.235833333333333,48000,1,True,SVM_CLOSED_SET,SVM_EXPERIMENTAL,2c744dcadbab3408ffd2cbb5b3b080a79079126fb9bd1afda51f055c4d0919f3,SVM_CLOSED_SET,TRAIN,svm_closed_set_train
5154,dev/03311753afa2e105b6791dbfcf11b5ba.wav,validation,SVM,vi-VN,604b93f6432ad99bcb4798e8,exp_svm_spk_0009,Male,31,ở đây quá sáng bạn có thể vặn một đèn tắt đi không,ở đây quá sáng bạn có thể vặn một đèn tắt đi không,"['ở' 'đây' 'quá' 'sáng' 'bạn' 'có' 'thể' 'vặn' 'một' 'đèn' 'tắt'
 'đi' 'không']","['Other' 'Other' 'Other' 'Other' 'Other' 'Other' 'Other' 'Other' 'Other'
 'Other' 'Other' 'Other' 'Other']",40,iot_hue_lightoff,iot,10.2065,48000,1,True,SVM_CLOSED_SET,SVM_EXPERIMENTAL,b32eddf05d2ae38b0d6f324d2fc7d28f71410267a8e6fe9230d6d273e28f34db,SVM_CLOSED_SET,TRAIN,svm_closed_set_train
11333,dev/7134c4b6ca7ec6cd5ef29a05c4bce5ed.wav,validation,SVM,vi-VN,604b93f6432ad99bcb4798e8,exp_svm_spk_0009,Male,31,sắp xếp và phát tất cả bài hát của mỹ tâm,sắp xếp và phát tất cả bài hát của [artist_name : mỹ tâm],['sắp' 'xếp' 'và' 'phát' 'tất' 'cả' 'bài' 'hát' 'của' 'mỹ' 'tâm'],"['Other' 'Other' 'Other' 'Other' 'Other' 'Other' 'Other' 'Other' 'Other'
 'artist_name' 'artist_name']",45,play_music,play,7.857166666666667,48000,1,True,SVM_CLOSED_SET,SVM_EXPERIMENTAL,ab469c0c3bbf7fcbf57fc4982cd7620e724ac9f696c7e1a0ebcb79ada17a3c69,SVM_CLOSED_SET,TRAIN,svm_closed_set_train
10488,dev/5a22941818974a15441f883e058c2114.wav,validation,SVM,vi-VN,604b93f6432ad99bcb4798e8,exp_svm_spk_0009,Male,31,lập danh sách,lập danh sách,['lập' 'danh' 'sách'],['Other' 'Other' 'Other'],21,lists_createoradd,lists,3.8758333333333335,48000,1,True,SVM_CLOSED_SET,SVM_EXPERIMENTAL,cf567908811a910b59d847550991d7d75d849887944ab2e3034bd1b86eb343e9,SVM_CLOSED_SET,TRAIN,svm_closed_set_train
16396,dev/bac848b6d85f2e343735c7955b07c10b.wav,validation,SVM,vi-VN,604b93f6432ad99bcb4798e8,exp_svm_spk_0009,Male,31,gửi email đến hùng,gửi email đến [person : hùng],['gửi' 'email' 'đến' 'hùng'],['Other' 'Other' 'Other' 'person'],33,email_sendemail,email,3.587833333333333,48000,1,True,SVM_CLOSED_SET,SVM_EXPERIMENTAL,3abccc4b119aba35662ccbfa9cda773e2329917169faad7ec2b2d792d7030594,SVM_CLOSED_SET,TRAIN,svm_closed_set_train
3285,dev/6ac312e81be989aab3bf2a54ebd87790.wav,validation,SVM,vi-VN,604b93f6432ad99bcb4798e8,exp_svm_spk_0009,Male,31,trời sẽ mưa vào ngày mai ở miami phải không,trời sẽ [weather_descriptor : mưa] vào [date : ngày mai] ở [place_name : miami] phải không,['trời' 'sẽ' 'mưa' 'vào' 'ngày' 'mai' 'ở' 'miami' 'phải' 'không'],"['Other' 'Other' 'weather_descriptor' 'Other' 'date' 'date' 'Other'
 'place_name' 'Other' 'Other']",13,weather_query,weather,6.387833333333333,48000,1,True,SVM_CLOSED_SET,SVM_EXPERIMENTAL,c4197824d9ee6a75a7a3a2884b708f75ff5bf930f6aef985b46528745d39fa61,SVM_CLOSED_SET,TRAIN,svm_closed_set_train
30,dev/5efe14e8b6e010c356bade507489a7bd.wav,validation,SVM,vi-VN,604b93f6432ad99bcb4798e8,exp_svm_spk_0009,Male,31,lau dọn là tốt bụi bẩn rất khó chịu bây giờ phép thuật của bạn làm sạch thảm của tôi,lau dọn là tốt bụi bẩn rất khó chịu bây giờ phép thuật của bạn làm sạch [house_place : thảm] của tôi,"['lau' 'dọn' 'là' 'tốt' 'bụi' 'bẩn' 'rất' 'khó' 'chịu' 'bây' 'giờ' 'phép'
 'thuật' 'của' 'bạn' 'làm' 'sạch' 'thảm' 'của' 'tôi']","['Other' 'Other' 'Other' 'Other' 'Other' 'Other' 'Other' 'Other' 'Other'
 'Other' 'Other' 'Other' 'Other' 'Other' 'Other' 'Other' 'Other'
 'house_place' 'Other' 'Other']",34,iot_cleaning,iot,15.955833333333333,48000,1,True,SVM_CLOSED_SET,SVM_EXPERIMENTAL,442eedc465e1d0a58baa85c645c94de8766197a39c29d4797b43d456588633d8,SVM_CLOSED_SET,TRAIN,svm_closed_set_train
13938,dev/8bd1017658485b2b7efa3dec4ef18597.wav,validation,SVM,vi-VN,604b93f6432ad99bcb4798e8,exp_svm_spk_0009,Male,31,tôi có lời mời kết bạn tinder mới không,tôi có lời mời kết bạn tinder mới không,['tôi' 'có' 'lời' 'mời' 'kết' 'bạn' 'tinder' 'mới' 'không'],['Other' 'Other' 'Other' 'Other' 'Other' 'Other' 'Other' 'Other' 'Other'],32,calendar_query,calendar,7.5665,48000,1,True,SVM_CLOSED_SET,SVM_EXPERIMENTAL,c94bb15bfa484e4f9f7c11b1dcb26d652e9d79c4f1041476addc02e008e1d297,SVM_CLOSED_SET,TRAIN,svm_closed_set_train
2303,dev/b4ef0aa96a46cdfaece1fee3b4548fe5.wav,validation,SVM,vi-VN,63cfbea470ab1bba9db30082,exp_svm_spk_0010,Male,21,tôi mãi mai hip hop,tôi mãi mai [music_genre : hip hop],['tôi' 'mãi' 'mai' 'hip' 'hop'],['Other' 'Other' 'Other' 'music_genre' 'music_genre'],43,music_likeness,music,1.98,48000,1,True,SVM_CLOSED_SET,SVM_EXPERIMENTAL,2feb4ee5585380c8891b7defedd8a57900424c58eec35fbaa42195cf934dfdbc,SVM_CLOSED_SET,TRAIN,svm_closed_set_train
15581,dev/4a0961d85ff9ab38ffdc348d21ee8015.wav,validation,SVM,vi-VN,63cfbea470ab1bba9db30082,exp_svm_spk_0010,Male,21,olly gửi một tweet đến công ty,olly gửi một [media_type : tweet] đến công ty,['olly' 'gửi' 'một' 'tweet' 'đến' 'công' 'ty'],['Other' 'Other' 'Other' 'media_type' 'Other' 'Other' 'Other'],47,social_post,social,2.16,48000,1,True,SVM_CLOSED_SET,SVM_EXPERIMENTAL,4c16d123bf909a122a1f1312aface2f90cbf75f7d81c4e4624e46c7df487c466,SVM_CLOSED_SET,TRAIN,svm_closed_set_train
6558,dev/6c3d4943fb953d4f2e21554a0d5c4c1d.wav,validation,SVM,vi-VN,63cfbea470ab1bba9db30082,exp_svm_spk_0010,Male,21,bạn có thích bạn gái của tôi không,bạn có thích [relation : bạn gái] của tôi không,['bạn' 'có' 'thích' 'bạn' 'gái' 'của' 'tôi' 'không'],['Other' 'Other' 'Other' 'relation' 'relation' 'Other' 'Other' 'Other'],12,general_quirky,general,2.88,48000,1,True,SVM_CLOSED_SET,SVM_EXPERIMENTAL,7929ec94d2123278bf0a3f21c325b0857cee6db1dc13b9e3882ccdfe927188fc,SVM_CLOSED_SET,TRAIN,svm_closed_set_train
2834,dev/aa422f1f362ecaa7150d30fbc918188a.wav,validation,SVM,vi-VN,63cfbea470ab1bba9db30082,exp_svm_spk_0010,Male,21,vui lòng hút bụi trong một tiếng,vui lòng [device_type : hút bụi] trong [time : một tiếng],['vui' 'lòng' 'hút' 'bụi' 'trong' 'một' 'tiếng'],['Other' 'Other' 'device_type' 'device_type' 'Other' 'time' 'time'],34,iot_cleaning,iot,3.36,48000,1,True,SVM_CLOSED_SET,SVM_EXPERIMENTAL,5b8ce05f600df446e47d0a49cbfc89a32ad21908937a09deb92b6596c2b368bc,SVM_CLOSED_SET,TRAIN,svm_closed_set_train
9355,dev/6449ca6d9f720aed8087a0b11e263a64.wav,validation,SVM,vi-VN,63cfbea470ab1bba9db30082,exp_svm_spk_0010,Male,21,radio bật,radio bật,['radio' 'bật'],['Other' 'Other'],36,play_radio,play,1.44,48000,1,True,SVM_CLOSED_SET,SVM_EXPERIMENTAL,46598bdec98c53a2ed1e0b400b91d15c569d89637ed7785265a3e102ffe766bb,SVM_CLOSED_SET,TRAIN,svm_closed_set_train
4497,dev/f14b5edd97477516efff0ac6c636851c.wav,validation,SVM,vi-VN,63cfbea470ab1bba9db30082,exp_svm_spk_0010,Male,21,tắt tiếng cài đặt,tắt tiếng cài đặt,['tắt' 'tiếng' 'cài' 'đặt'],['Other' 'Other' 'Other' 'Other'],46,audio_volume_mute,audio,1.8,48000,1,True,SVM_CLOSED_SET,SVM_EXPERIMENTAL,b25f4c09a234bbdde27bfc1bfe1da7238ccd4081a133a7ff4fd46eee82435781,SVM_CLOSED_SET,TRAIN,svm_closed_set_train
13859,dev/a16ae75500e7b0d9b681328d16861116.wav,validation,SVM,vi-VN,63cfbea470ab1bba9db30082,exp_svm_spk_0010,Male,21,đô la mỹ so với ru pi là bao nhiêu,[currency_name : đô la mỹ] so với [currency_name : ru pi] là bao nhiêu,['đô' 'la' 'mỹ' 'so' 'với' 'ru' 'pi' 'là' 'bao' 'nhiêu'],"['currency_name' 'currency_name' 'currency_name' 'Other' 'Other'
 'currency_name' 'currency_name' 'Other' 'Other' 'Other']",10,qa_currency,qa,2.94,48000,1,True,SVM_CLOSED_SET,SVM_EXPERIMENTAL,f23eabf98018bdd6acbe6aa58862bac753558ba63da60b341caad1dea3a34c1f,SVM_CLOSED_SET,TRAIN,svm_closed_set_train
10290,dev/ca3c708697b5100f03783e5c0838097a.wav,validation,SVM,vi-VN,63cfbea470ab1bba9db30082,exp_svm_spk_0010,Male,21,hãy chơi pinball,hãy chơi [game_name : pinball],['hãy' 'chơi' 'pinball'],['Other' 'Other' 'game_name'],51,play_game,play,1.32,48000,1,True,SVM_CLOSED_SET,SVM_EXPERIMENTAL,b42128539b70f177802b14ac6891b7e04fee29b42f04e3da59fb5ca7013850da,SVM_CLOSED_SET,TRAIN,svm_closed_set_train
1222,dev/f3880a046156159d4b0ebb7d5d18267e.wav,validation,SVM,vi-VN,63cfbea470ab1bba9db30082,exp_svm_spk_0010,Male,21,vui lòng phát người hãy quên em đi,vui lòng phát [song_name : người hãy quên em đi],['vui' 'lòng' 'phát' 'người' 'hãy' 'quên' 'em' 'đi'],"['Other' 'Other' 'Other' 'song_name' 'song_name' 'song_name' 'song_name'
 'song_name']",45,play_music,play,2.16,48000,1,True,SVM_CLOSED_SET,SVM_EXPERIMENTAL,b635c902fd93e9733e008a8d17b192e2fdd943901ad159793410b2109989e743,SVM_CLOSED_SET,TRAIN,svm_closed_set_train
6990,dev/92efd117af420f46bef381659d917481.wav,validation,SVM,vi-VN,63cfbea470ab1bba9db30082,exp_svm_spk_0010,Male,21,những sự kiện sắp tới,những sự kiện sắp tới,['những' 'sự' 'kiện' 'sắp' 'tới'],['Other' 'Other' 'Other' 'Other' 'Other'],32,calendar_query,calendar,1.74,48000,1,True,SVM_CLOSED_SET,SVM_EXPERIMENTAL,4a88764a108d28a187f284e2d4912a3e2a4c0a81e81ae8525687133247bf1658,SVM_CLOSED_SET,TRAIN,svm_closed_set_train
