audio_id,audio_path,reference_transcript,hypothesis,normalized_reference,normalized_hypothesis,wer,cer,model,language,success,source_prediction_file
10135,data/audio/dev/28eb18a12d750e6de51dc0b3bf2018a6.wav,tìm thực đơn không chứa gluten,Tìm thật đơn không chứa lưu tình,tìm thực đơn không chứa gluten,tìm thật đơn không chứa lưu tình,0.500000,0.240000,whisper-small,vi,true,reports/asr/v2/asr_test_predictions.csv
11064,data/audio/dev/dac3dc6f09002b75d1c0a87ddf52975d.wav,này danh sách của tôi là những gì,Này danh sắt của tôi là những gì?,này danh sách của tôi là những gì,này danh sắt của tôi là những gì,0.125000,0.115385,whisper-small,vi,true,reports/asr/v2/asr_test_predictions.csv
1125,data/audio/dev/f9f99550fad9d9f1cfb63bd1c4916b76.wav,hôm nay là ngày bao nhiêu,Hôm nay là ngày bao nhiêu?,hôm nay là ngày bao nhiêu,hôm nay là ngày bao nhiêu,0.000000,0.000000,whisper-small,vi,true,reports/asr/v2/asr_test_predictions.csv
11496,data/audio/dev/dbb2710a60e8e53f5dd4d2f3c37b1f0b.wav,phát podcast thời sự,Hãy subscribe cho kênh La La School Để không bỏ lỡ những video hấp dẫn,phát podcast thời sự,hãy subscribe cho kênh la la school để không bỏ lỡ những video hấp dẫn,3.750000,3.000000,whisper-small,vi,true,reports/asr/v2/asr_test_predictions.csv
11562,data/audio/dev/a58ffdb04ef281afadb642076a191bf6.wav,tôi muốn nghe podcast này,Tôi muốn nghe podcast này,tôi muốn nghe podcast này,tôi muốn nghe podcast này,0.000000,0.000000,whisper-small,vi,true,reports/asr/v2/asr_test_predictions.csv
11658,data/audio/dev/8d83c0750c3a98a3aa7ccc7a894ae3bc.wav,lễ hội ẩm thực tối nay ở đâu,Lễ hội ẩm thực tối nay ở đâu?,lễ hội ẩm thực tối nay ở đâu,lễ hội ẩm thực tối nay ở đâu,0.000000,0.000000,whisper-small,vi,true,reports/asr/v2/asr_test_predictions.csv
12174,data/audio/dev/306d11d7028de757508c518a55464761.wav,gọi cho tôi một chiếc uber ngay bây giờ,Gọi cho tôi một chíc Uber ngay bây giờ.,gọi cho tôi một chiếc uber ngay bây giờ,gọi cho tôi một chíc uber ngay bây giờ,0.111111,0.064516,whisper-small,vi,true,reports/asr/v2/asr_test_predictions.csv
12325,data/audio/dev/a986b57dc70ac06febd00ed33788f044.wav,xe khách và giá vé,"1, 2, 3, 4",xe khách và giá vé,một hai ba bốn,1.000000,0.928571,whisper-small,vi,true,reports/asr/v2/asr_test_predictions.csv
12565,data/audio/dev/12703e2f74199c28047ad8afe4146388.wav,tôi muốn một danh sách về giá vé của tất cả chuyến tàu tới địa điểm này,Tôi muốn một danh sách về giá vé của tất cả chuyến tạo tới địa điểm này.,tôi muốn một danh sách về giá vé của tất cả chuyến tàu tới địa điểm này,tôi muốn một danh sách về giá vé của tất cả chuyến tạo tới địa điểm này,0.058824,0.036364,whisper-small,vi,true,reports/asr/v2/asr_test_predictions.csv
13071,data/audio/dev/7937a36d5cc5be37bb9a1af67a61403b.wav,căn bậc hai của bốn mươi hai là bao nhiêu,Căn bật 2 của 42 là bao nhiêu?,căn bậc hai của bốn mươi hai là bao nhiêu,căn bật hai của bốn mươi hai là bao nhiêu,0.100000,0.031250,whisper-small,vi,true,reports/asr/v2/asr_test_predictions.csv
13533,data/audio/dev/f46a4df2049082e260fa2702d1f948ab.wav,bạn gái của tôi hiện giờ ở đâu,vàng gái của tôi hiện giờ ở đâu?,bạn gái của tôi hiện giờ ở đâu,vàng gái của tôi hiện giờ ở đâu,0.125000,0.130435,whisper-small,vi,true,reports/asr/v2/asr_test_predictions.csv
13576,data/audio/dev/708f423aeaf2717cc37d1ed970de4a36.wav,chuyến lưu diễn tiếp theo là khi nào,Nguyễn lưu yên tiếp theo là khí nào?,chuyến lưu diễn tiếp theo là khi nào,nguyễn lưu yên tiếp theo là khí nào,0.375000,0.241379,whisper-small,vi,true,reports/asr/v2/asr_test_predictions.csv
13615,data/audio/dev/f01c575b27dea6d1e6eeeffb5ec055a7.wav,adel đã biến kim cương bao nhiêu lần,"À, đeo đã biết kim cương bao nhiêu lần?",adel đã biến kim cương bao nhiêu lần,à đeo đã biết kim cương bao nhiêu lần,0.375000,0.137931,whisper-small,vi,true,reports/asr/v2/asr_test_predictions.csv
13935,data/audio/dev/07bf0d98accbf73ec6b04d0d18a4bd63.wav,mô tả về tai nghe thực tế ảo là gì,Mô tả về tay nghe thật tới áo là gì?,mô tả về tai nghe thực tế ảo là gì,mô tả về tay nghe thật tới áo là gì,0.400000,0.240000,whisper-small,vi,true,reports/asr/v2/asr_test_predictions.csv
14393,data/audio/dev/3ac185b13d11f0841deedcfc147f205e.wav,mô tả tình trạng chính trị hiện tại,ngô tả tình ràng chính trị hiện tại.,mô tả tình trạng chính trị hiện tại,ngô tả tình ràng chính trị hiện tại,0.250000,0.142857,whisper-small,vi,true,reports/asr/v2/asr_test_predictions.csv
14849,data/audio/dev/fd7016e2d8c1c0f3da4c0f07150aff6c.wav,câu trả lời cho hai lần ba là gì,Câu trả lời cho 2 lần 3 là gì?,câu trả lời cho hai lần ba là gì,câu trả lời cho hai lần ba là gì,0.000000,0.000000,whisper-small,vi,true,reports/asr/v2/asr_test_predictions.csv
14866,data/audio/dev/6d093ea4c9580cbd6ec29c093a5bec12.wav,có bao nhiêu con sông trên thế giới,Có bao nhiêu con sông trên thế giới.,có bao nhiêu con sông trên thế giới,có bao nhiêu con sông trên thế giới,0.000000,0.000000,whisper-small,vi,true,reports/asr/v2/asr_test_predictions.csv
15145,data/audio/dev/3f452dc63e575d959eb2ddc00dc7354a.wav,điều gì đang là xu hướng trên twitter,Điều gì đang là xu hướng trên Twitter?,điều gì đang là xu hướng trên twitter,điều gì đang là xu hướng trên twitter,0.000000,0.000000,whisper-small,vi,true,reports/asr/v2/asr_test_predictions.csv
1545,data/audio/dev/6da39151fcc4ac9c71fd678d1c717120.wav,phát billboard top ten,Bíu bò top 10,phát billboard top ten,bíu bò top mười,0.750000,0.789474,whisper-small,vi,true,reports/asr/v2/asr_test_predictions.csv
15475,data/audio/dev/93e6443ba86c9dbd7c47374181133dcd.wav,cho điện lực hà nội biết rằng điện lại bị mất,Cho điện lực Hà Nội biết rằng điện lại bị mất.,cho điện lực hà nội biết rằng điện lại bị mất,cho điện lực hà nội biết rằng điện lại bị mất,0.000000,0.000000,whisper-small,vi,true,reports/asr/v2/asr_test_predictions.csv
15645,data/audio/dev/9a4f5b62531d45669b51d91aa45be42f.wav,thông tin xã hội,Thông tin xã hội,thông tin xã hội,thông tin xã hội,0.000000,0.000000,whisper-small,vi,true,reports/asr/v2/asr_test_predictions.csv
15900,data/audio/dev/7b018575e3fb8ee9d4409909ba081c04.wav,họ của hùng là gì,Của Hùng là gì?,họ của hùng là gì,của hùng là gì,0.200000,0.153846,whisper-small,vi,true,reports/asr/v2/asr_test_predictions.csv
16421,data/audio/dev/fd787531338381f942e2958ac0d487e0.wav,tôi có bao nhiêu email chưa đọc,Tôi có bao nhiêu email chưa đọc?,tôi có bao nhiêu email chưa đọc,tôi có bao nhiêu email chưa đọc,0.000000,0.000000,whisper-small,vi,true,reports/asr/v2/asr_test_predictions.csv
16462,data/audio/dev/a4ee4516217b08664d1dd6572b24339a.wav,những tin nhắn mới mà tôi có là gì,Những tin nhắn mới mà tôi có là gì?,những tin nhắn mới mà tôi có là gì,những tin nhắn mới mà tôi có là gì,0.000000,0.000000,whisper-small,vi,true,reports/asr/v2/asr_test_predictions.csv
16821,data/audio/dev/34373509792603e113613866ae3dfec7.wav,mở thông tin liên lạc của oanh,Mở thông tin liên lạc của anh.,mở thông tin liên lạc của oanh,mở thông tin liên lạc của anh,0.142857,0.041667,whisper-small,vi,true,reports/asr/v2/asr_test_predictions.csv
17034,data/audio/dev/15d8611dbfad21e4146babfc09b429ea.wav,đưa cho tôi tất cả các thư điện tử của tôi gần đây,đưa cho tôi tất cả các thư điểm tử của tôi gần đây.,đưa cho tôi tất cả các thư điện tử của tôi gần đây,đưa cho tôi tất cả các thư điểm tử của tôi gần đây,0.076923,0.052632,whisper-small,vi,true,reports/asr/v2/asr_test_predictions.csv
1934,data/audio/dev/a75ad82864f7354e38b1004dfdc11bf1.wav,nhóm ngày giờ hiện tại là gì,Giống ngày giờ yên tải là gì?,nhóm ngày giờ hiện tại là gì,giống ngày giờ yên tải là gì,0.428571,0.409091,whisper-small,vi,true,reports/asr/v2/asr_test_predictions.csv
1948,data/audio/dev/12f49cc87aa198142eb41f6787489759.wav,truyện cười vui nhộn,Điện cười vui nhọn,truyện cười vui nhộn,điện cười vui nhọn,0.500000,0.294118,whisper-small,vi,true,reports/asr/v2/asr_test_predictions.csv
2495,data/audio/dev/5453aaa88bbe8c9bf032b72b95f9dff7.wav,cho tôi biết về tin tức,Cho tôi biết về tinh thức.,cho tôi biết về tin tức,cho tôi biết về tinh thức,0.333333,0.111111,whisper-small,vi,true,reports/asr/v2/asr_test_predictions.csv
2582,data/audio/dev/7ff3bd01ebe863b107560a1e2916244c.wav,nói tôi tên nghệ sĩ,Nói tôi tên nghệ sĩ,nói tôi tên nghệ sĩ,nói tôi tên nghệ sĩ,0.000000,0.000000,whisper-small,vi,true,reports/asr/v2/asr_test_predictions.csv
2620,data/audio/dev/84a6bf78a08c3db6a678f4b93d8aa45a.wav,hãy khởi động máy hút bụi,"Ngấy, cởi, đồng, máy, hút, buổi.",hãy khởi động máy hút bụi,ngấy cởi đồng máy hút buổi,0.666667,0.400000,whisper-small,vi,true,reports/asr/v2/asr_test_predictions.csv
2825,data/audio/dev/6316cc3cc18e43cb417bcf62a12a57a9.wav,ngày mười sáu tháng tư rơi vào ngày nào,"Ngày 16 tháng 4, rơi vào ngày nào?",ngày mười sáu tháng tư rơi vào ngày nào,ngày mười sáu tháng bốn rơi vào ngày nào,0.111111,0.096774,whisper-small,vi,true,reports/asr/v2/asr_test_predictions.csv
298,data/audio/dev/f6fe5579948108d66e846d13e9443c64.wav,phát nhạc của chopin,Phát Nhạc của Xô Binh,phát nhạc của chopin,phát nhạc của xô binh,0.500000,0.294118,whisper-small,vi,true,reports/asr/v2/asr_test_predictions.csv
3139,data/audio/dev/af569977636444caa40504c3b247b81c.wav,vui lòng giảm âm lượng,Quy lòng tắm âm lừa,vui lòng giảm âm lượng,quy lòng tắm âm lừa,0.600000,0.500000,whisper-small,vi,true,reports/asr/v2/asr_test_predictions.csv
3160,data/audio/dev/8a95815d5e3be9bbde7fc758b6d2de96.wav,mở nhạc thính phòng danh sách phát nhạc,"Mở nhạc, thỉnh phòng danh sách phát nhạc.",mở nhạc thính phòng danh sách phát nhạc,mở nhạc thỉnh phòng danh sách phát nhạc,0.125000,0.031250,whisper-small,vi,true,reports/asr/v2/asr_test_predictions.csv
3402,data/audio/dev/16e1d78c524495bf7db68c6c0c2b67b9.wav,thời tiết tuần tới thế nào,Thời tiết tần tới thế nào!,thời tiết tuần tới thế nào,thời tiết tần tới thế nào,0.166667,0.047619,whisper-small,vi,true,reports/asr/v2/asr_test_predictions.csv
4008,data/audio/dev/7e4eb5f231b8c4ab09e2a9b64bb33a25.wav,phát lại bài này,Cáp lại bài này.,phát lại bài này,cáp lại bài này,0.250000,0.230769,whisper-small,vi,true,reports/asr/v2/asr_test_predictions.csv
4065,data/audio/dev/3eebb49a4c6b235c3a047e063e4871cc.wav,thời gian ở new york là mấy giờ,Thờ Giang ở New York là mấy giờ,thời gian ở new york là mấy giờ,thờ giang ở new york là mấy giờ,0.250000,0.083333,whisper-small,vi,true,reports/asr/v2/asr_test_predictions.csv
4664,data/audio/dev/f19b5d832712c5a34d2536c603933b1e.wav,tên nhóm nhạc này là gì,Nhanh nhóm nhạc này là gì?,tên nhóm nhạc này là gì,nhanh nhóm nhạc này là gì,0.166667,0.222222,whisper-small,vi,true,reports/asr/v2/asr_test_predictions.csv
5021,data/audio/dev/eebcc15d921930f413b164d41bf41739.wav,tôi thích r. n. b.,Tôi thích ANB,tôi thích r n b,tôi thích anb,0.600000,0.090909,whisper-small,vi,true,reports/asr/v2/asr_test_predictions.csv
5060,data/audio/dev/822c23a0038f203a6f056c891b229677.wav,thông báo cho tôi khi có tin tức mới từ tin tức địa phương của tôi,thông báo cho tôi khi có tinh tức mới từ tinh tức địa phương của tôi.,thông báo cho tôi khi có tin tức mới từ tin tức địa phương của tôi,thông báo cho tôi khi có tinh tức mới từ tinh tức địa phương của tôi,0.125000,0.039216,whisper-small,vi,true,reports/asr/v2/asr_test_predictions.csv
5084,data/audio/dev/3bc8cd9e7f4a2489cb6657a9e1d0ea10.wav,đặt báo thức lúc sáu giờ sáng,đặt báo thức lúc 6 giờ sáng,đặt báo thức lúc sáu giờ sáng,đặt báo thức lúc sáu giờ sáng,0.000000,0.000000,whisper-small,vi,true,reports/asr/v2/asr_test_predictions.csv
5150,data/audio/dev/693b1e24d2156386fa284e7ccf4388ef.wav,bạn có thể cài đặt máy pha cà phê chạy không,Bạn có thể cài đặt máy pha cà phê chạy không?,bạn có thể cài đặt máy pha cà phê chạy không,bạn có thể cài đặt máy pha cà phê chạy không,0.000000,0.000000,whisper-small,vi,true,reports/asr/v2/asr_test_predictions.csv
5175,data/audio/dev/c21e103dcf62964a49fe601500e34fa6.wav,thời tiết sẽ như thế nào trong tuần này,Thời tiết sẽ như thế nào trong tuần này,thời tiết sẽ như thế nào trong tuần này,thời tiết sẽ như thế nào trong tuần này,0.000000,0.000000,whisper-small,vi,true,reports/asr/v2/asr_test_predictions.csv
5957,data/audio/dev/bbb73caff6c2f18300b3b28c3760b81e.wav,bạn làm ơn giữ im lặng một lúc,bạn làm ơn giữ im lặng một lúc.,bạn làm ơn giữ im lặng một lúc,bạn làm ơn giữ im lặng một lúc,0.000000,0.000000,whisper-small,vi,true,reports/asr/v2/asr_test_predictions.csv
6071,data/audio/dev/0b9d6977aca029096e10359a4bd68090.wav,có phải đơn hàng của tôi sẵn sàng để lấy bây giờ,Có phải đơn hàng của tôi sẵn sàng để lấy bây giờ,có phải đơn hàng của tôi sẵn sàng để lấy bây giờ,có phải đơn hàng của tôi sẵn sàng để lấy bây giờ,0.000000,0.000000,whisper-small,vi,true,reports/asr/v2/asr_test_predictions.csv
6262,data/audio/dev/4b73f0caff128e0f5dcb294e0c02febf.wav,hey google tôi trúng xổ số độc đắc,Hay Google tôi trúng số số độc đắt.,hey google tôi trúng xổ số độc đắc,hay google tôi trúng số số độc đắt,0.375000,0.148148,whisper-small,vi,true,reports/asr/v2/asr_test_predictions.csv
6571,data/audio/dev/9e04dae80046852e3e637c6b3cf0a766.wav,các sự kiện đang diễn ra ở h. c. m.,Hát sự kiện đang diễn ra ở HCM.,các sự kiện đang diễn ra ở h c m,hát sự kiện đang diễn ra ở hcm,0.400000,0.086957,whisper-small,vi,true,reports/asr/v2/asr_test_predictions.csv
691,data/audio/dev/a97fd1220dc86eb5358c9b420bae7475.wav,tôi không nghe thấy gì tăng âm lượng,Tôi không nghe thấy gì tăng âm lưỡng,tôi không nghe thấy gì tăng âm lượng,tôi không nghe thấy gì tăng âm lưỡng,0.125000,0.034483,whisper-small,vi,true,reports/asr/v2/asr_test_predictions.csv
6963,data/audio/dev/53f19ea11e86791db4673bbdcc6dd7f7.wav,vui lòng nhắc tôi một giờ trước cuộc họp mà tôi có vào sáng ngày mai,Vui lòng nhắc tôi một giờ trước cuộc họp mà tôi có vào sáng ngày mai.,vui lòng nhắc tôi một giờ trước cuộc họp mà tôi có vào sáng ngày mai,vui lòng nhắc tôi một giờ trước cuộc họp mà tôi có vào sáng ngày mai,0.000000,0.000000,whisper-small,vi,true,reports/asr/v2/asr_test_predictions.csv
7688,data/audio/dev/6398ab1d24a76a7cf004f3c18628ccbf.wav,tôi có bất kỳ lời nhắc nào còn dang dở không,Tôi có bất kỳ lời nhắc nào còn dáng dỡ không?,tôi có bất kỳ lời nhắc nào còn dang dở không,tôi có bất kỳ lời nhắc nào còn dáng dỡ không,0.181818,0.058824,whisper-small,vi,true,reports/asr/v2/asr_test_predictions.csv
8146,data/audio/dev/fb4627e59a2e707b18ea52bfef93e5b3.wav,xóa cuộc họp của tôi ngày mười bốn,xóa cuộc họp của tôi ngày 14,xóa cuộc họp của tôi ngày mười bốn,xóa cuộc họp của tôi ngày mười bốn,0.000000,0.000000,whisper-small,vi,true,reports/asr/v2/asr_test_predictions.csv
8311,data/audio/dev/7d5d933bd53d3778fffc62e57564f086.wav,đặt nhắc nhở cho các thứ tư lúc hai giờ chiều,đặt nhắc chở cho cá thứ 4 lúc 2 giờ chiều,đặt nhắc nhở cho các thứ tư lúc hai giờ chiều,đặt nhắc chở cho cá thứ bốn lúc hai giờ chiều,0.272727,0.142857,whisper-small,vi,true,reports/asr/v2/asr_test_predictions.csv
8487,data/audio/dev/cff61d63a9628d50fb0bfcdbebe7ec47.wav,vui lòng thêm một cuộc hẹn vào lúc chín giờ sáng thứ tư tại văn phòng bác sĩ trang,Vui lòng thêm một cục hẹn vào lúc 9 giờ sáng thứ 4 tại văn phòng bác sĩ Trang.,vui lòng thêm một cuộc hẹn vào lúc chín giờ sáng thứ tư tại văn phòng bác sĩ trang,vui lòng thêm một cục hẹn vào lúc chín giờ sáng thứ bốn tại văn phòng bác sĩ trang,0.105263,0.078125,whisper-small,vi,true,reports/asr/v2/asr_test_predictions.csv
8543,data/audio/dev/7e487baab5a3d3570486776d9b05eb52.wav,tôi có các sự kiện nào tiếp theo,Tôi có các sự kiện nào tiếp theo.,tôi có các sự kiện nào tiếp theo,tôi có các sự kiện nào tiếp theo,0.000000,0.000000,whisper-small,vi,true,reports/asr/v2/asr_test_predictions.csv
8834,data/audio/dev/28c5a8f7fbf26e9f0693aae214e900a5.wav,hủy tất cả các cuộc họp của tôi cho đến hết tuần,hủy tất cả các cục hộp của tôi cho đến hết từng.,hủy tất cả các cuộc họp của tôi cho đến hết tuần,hủy tất cả các cục hộp của tôi cho đến hết từng,0.250000,0.162162,whisper-small,vi,true,reports/asr/v2/asr_test_predictions.csv
9065,data/audio/dev/5e2c2956033e8849da985adfb6fccb12.wav,tạo một sự kiện lặp lại vào lịch,Bảo mô sử kỉnh lập lãi pháo lịch.,tạo một sự kiện lặp lại vào lịch,bảo mô sử kỉnh lập lãi pháo lịch,0.875000,0.520000,whisper-small,vi,true,reports/asr/v2/asr_test_predictions.csv
10324,data/audio/dev/671577f83e139468780a56c9d6cc4582.wav,chơi con rắn với tôi,Chơi còn rắn với tôi.,chơi con rắn với tôi,chơi còn rắn với tôi,0.200000,0.062500,whisper-small,vi,true,reports/asr/v2/asr_test_predictions.csv
10470,data/audio/dev/238f4970cecdc8009ef70ad42ba1a08b.wav,xóa danh sách các món thực phẩm đã mua tuần trước,Máy nhìn sách các món thịt phẩm đã mua từng trước,xóa danh sách các món thực phẩm đã mua tuần trước,máy nhìn sách các món thịt phẩm đã mua từng trước,0.363636,0.307692,whisper-small,vi,true,reports/asr/v2/asr_test_predictions.csv
10518,data/audio/dev/c47eb3234e452a997e98693f6bae1545.wav,những danh sách nào có sẵn,những dân sách nào có sẵn.,những danh sách nào có sẵn,những dân sách nào có sẵn,0.166667,0.095238,whisper-small,vi,true,reports/asr/v2/asr_test_predictions.csv
10539,data/audio/dev/781f35d7c56feba39a6e36a3a4fd8876.wav,gửi cho tôi bản danh sách được tải lên cuối cùng,đứa cho tôi bạn dân sách được tải lên cuối cùng.,gửi cho tôi bản danh sách được tải lên cuối cùng,đứa cho tôi bạn dân sách được tải lên cuối cùng,0.272727,0.157895,whisper-small,vi,true,reports/asr/v2/asr_test_predictions.csv
10754,data/audio/dev/b74e46502ddf02851b8788f02befc528.wav,đọc lại những gì tôi có trong danh sách việc cần làm tuần này,Đập lại những gì tôi có trong dân sách việc cần làm tuần này.,đọc lại những gì tôi có trong danh sách việc cần làm tuần này,đập lại những gì tôi có trong dân sách việc cần làm tuần này,0.142857,0.083333,whisper-small,vi,true,reports/asr/v2/asr_test_predictions.csv
10901,data/audio/dev/94789da232b9a304a2f47122d7262968.wav,tạo một danh sách mới về,Cả một danh sách mới về.,tạo một danh sách mới về,cả một danh sách mới về,0.166667,0.157895,whisper-small,vi,true,reports/asr/v2/asr_test_predictions.csv
11045,data/audio/dev/0e2fcf7a6f028054784c112e62e4e28c.wav,mở danh sách của tôi,Mở danh sách của tôi.,mở danh sách của tôi,mở danh sách của tôi,0.000000,0.000000,whisper-small,vi,true,reports/asr/v2/asr_test_predictions.csv
11077,data/audio/dev/f466b4164f385a3ac8f27e3a1c656b40.wav,cho tôi biết có gì trong danh sách của tôi,cho tôi biết có nhiều cảm nhận sắc của tôi.,cho tôi biết có gì trong danh sách của tôi,cho tôi biết có nhiều cảm nhận sắc của tôi,0.400000,0.393939,whisper-small,vi,true,reports/asr/v2/asr_test_predictions.csv
11690,data/audio/dev/26a205d86ebc7b0f42d1c72481963302.wav,tìm cho tôi địa chỉ của cửa hàng này,cho tôi địa chỉ của cửa hàng này,tìm cho tôi địa chỉ của cửa hàng này,cho tôi địa chỉ của cửa hàng này,0.111111,0.107143,whisper-small,vi,true,reports/asr/v2/asr_test_predictions.csv
11785,data/audio/dev/4ac5f738cb388bd9ad7f6b77f33bec72.wav,phim người sói,Thì em who is sorry,phim người sói,thì em who is sorry,1.666667,1.000000,whisper-small,vi,true,reports/asr/v2/asr_test_predictions.csv
12134,data/audio/dev/6093013f9ba96799fc22cd9a68722d47.wav,chuyến tàu tiếp theo tới sài gòn là khi nào,Đó giúp theo đứa sài gòn lạc khí nào,chuyến tàu tiếp theo tới sài gòn là khi nào,đó giúp theo đứa sài gòn lạc khí nào,0.600000,0.500000,whisper-small,vi,true,reports/asr/v2/asr_test_predictions.csv
12181,data/audio/dev/61c21d5c5eb1d4dacc9fd086cbb1b4f4.wav,gửi grab đến cho tôi ngày bây giờ,Đối rác đến cho tôi này bây giờ.,gửi grab đến cho tôi ngày bây giờ,đối rác đến cho tôi này bây giờ,0.375000,0.230769,whisper-small,vi,true,reports/asr/v2/asr_test_predictions.csv
12363,data/audio/dev/2334d9a243ddc0664f0a7e0c5b9984e7.wav,đặt chuyến taxi có sẵn gần tôi nhất,đặc truyền tạc sĩ có sạch gần tối nhớ,đặt chuyến taxi có sẵn gần tôi nhất,đặc truyền tạc sĩ có sạch gần tối nhớ,0.875000,0.500000,whisper-small,vi,true,reports/asr/v2/asr_test_predictions.csv
12899,data/audio/dev/f84585c74d2357470ce7d0905702b4ec.wav,đặt trước một chỗ cho tôi trên chuyến tàu ngày hai mươi tháng ba,Đặt trước một chỗ cho tôi trên truyến tàu ngày 20 tháng 3.,đặt trước một chỗ cho tôi trên chuyến tàu ngày hai mươi tháng ba,đặt trước một chỗ cho tôi trên truyến tàu ngày hai mươi tháng ba,0.071429,0.039216,whisper-small,vi,true,reports/asr/v2/asr_test_predictions.csv
13118,data/audio/dev/a0b30385652c820f08ed41da1a216114.wav,không có gì,Câm cái gì?,không có gì,câm cái gì,0.666667,0.777778,whisper-small,vi,true,reports/asr/v2/asr_test_predictions.csv
13157,data/audio/dev/c4e084a417931d18fac5fcb6f46e3bd9.wav,google từ,Hãy subscribe cho kênh La La School Để không bỏ lỡ những video hấp dẫn,google từ,hãy subscribe cho kênh la la school để không bỏ lỡ những video hấp dẫn,7.500000,6.375000,whisper-small,vi,true,reports/asr/v2/asr_test_predictions.csv
13227,data/audio/dev/aae627bbecf66e91b36d546b24c7ac96.wav,người hãy quên em đi người hãy quên em đi,"Người hệ của anh em đi, người hệ của anh em đi",người hãy quên em đi người hãy quên em đi,người hệ của anh em đi người hệ của anh em đi,0.600000,0.375000,whisper-small,vi,true,reports/asr/v2/asr_test_predictions.csv
1349,data/audio/dev/6162c3fcaafd1650c997bcea326e5050.wav,thời tiết tuần này thế nào,Thời tiết cầm này thế nào,thời tiết tuần này thế nào,thời tiết cầm này thế nào,0.166667,0.142857,whisper-small,vi,true,reports/asr/v2/asr_test_predictions.csv
14145,data/audio/dev/79ea54f7fa407ca2a2ea11f20eb1c241.wav,bạn có thể cho tôi biết sinh nhật của trấn thành không,Các bạn có thể cho tôi biết sinh nhật của trấn thành không?,bạn có thể cho tôi biết sinh nhật của trấn thành không,các bạn có thể cho tôi biết sinh nhật của trấn thành không,0.083333,0.069767,whisper-small,vi,true,reports/asr/v2/asr_test_predictions.csv
14203,data/audio/dev/73d062aaa1dea054445b4675d8b4abe3.wav,dow jones hôm nay thế nào,Đã show some making now.,dow jones hôm nay thế nào,đã show some making now,1.000000,0.800000,whisper-small,vi,true,reports/asr/v2/asr_test_predictions.csv
14377,data/audio/dev/28b92456305949a48ca088ef176be2d5.wav,arnold schwarzenegger là ai,Aknoch qua sần nếc đều là ảnh.,arnold schwarzenegger là ai,aknoch qua sần nếc đều là ảnh,1.500000,0.708333,whisper-small,vi,true,reports/asr/v2/asr_test_predictions.csv
14565,data/audio/dev/f50af11a5fcac9fa6f36398e8990d482.wav,vấn đề quan tâm nhất ở mỹ ngày nay và những gì có thể được thực hiện để đối phó với nó một cách hiệu quả,về quan tâm nhất ở Mỹ ngày nay và những gì có thể được thực hiện để đối phó với nó một cách hiểu quả.,vấn đề quan tâm nhất ở mỹ ngày nay và những gì có thể được thực hiện để đối phó với nó một cách hiệu quả,về quan tâm nhất ở mỹ ngày nay và những gì có thể được thực hiện để đối phó với nó một cách hiểu quả,0.115385,0.050633,whisper-small,vi,true,reports/asr/v2/asr_test_predictions.csv
14657,data/audio/dev/855cf8ef34f878109f74c54b7e6fc40b.wav,cho tôi mô tả của mạch máy tính xách tay,tôi mua tả cụ mặt máy tính sắp tay,cho tôi mô tả của mạch máy tính xách tay,tôi mua tả cụ mặt máy tính sắp tay,0.500000,0.451613,whisper-small,vi,true,reports/asr/v2/asr_test_predictions.csv
15014,data/audio/dev/258f990577fc285322e27e5d5e39b277.wav,nhật bản rộng bao nhiêu,bằng rau bằng nhu,nhật bản rộng bao nhiêu,bằng rau bằng nhu,1.000000,0.736842,whisper-small,vi,true,reports/asr/v2/asr_test_predictions.csv
15427,data/audio/dev/9ab2ba8322fd97188f7f91b2559b3fc2.wav,đăng ảnh trên điện thoại của tôi trên facebook alexa,Đang ngãn trên điểm rại của tôi trên Facebook Alexa.,đăng ảnh trên điện thoại của tôi trên facebook alexa,đang ngãn trên điểm rại của tôi trên facebook alexa,0.400000,0.232558,whisper-small,vi,true,reports/asr/v2/asr_test_predictions.csv
16206,data/audio/dev/a3fc40cbdef287ec211383efda3d7b54.wav,gửi tin nhắn này đến nhóm gia đình bắt đầu với một,Vì tình nhắn này đến nhóm gia đình bắt đầu với mùa.,gửi tin nhắn này đến nhóm gia đình bắt đầu với một,vì tình nhắn này đến nhóm gia đình bắt đầu với mùa,0.250000,0.179487,whisper-small,vi,true,reports/asr/v2/asr_test_predictions.csv
16478,data/audio/dev/ce249848610a47a24e9b4aa11ba23562.wav,kiểm tra email của tiên,diễn cho e-mail của tiền,kiểm tra email của tiên,diễn cho email của tiền,0.600000,0.368421,whisper-small,vi,true,reports/asr/v2/asr_test_predictions.csv
16829,data/audio/dev/bfb02594f88a2384b506175574aa8281.wav,gửi email trả lời đến linh,Vì mình chẳng lời đến linh,gửi email trả lời đến linh,vì mình chẳng lời đến linh,0.500000,0.523810,whisper-small,vi,true,reports/asr/v2/asr_test_predictions.csv
1971,data/audio/dev/006de2661c6a59cad50959cc97ab68c6.wav,lưu thông tin được cung cấp bởi mỹ tâm trên bài hát này,tôi tham tên được công cấp bởi Mỹ Tâm trên bài hát này.,lưu thông tin được cung cấp bởi mỹ tâm trên bài hát này,tôi tham tên được công cấp bởi mỹ tâm trên bài hát này,0.307692,0.186047,whisper-small,vi,true,reports/asr/v2/asr_test_predictions.csv
2515,data/audio/dev/4560d3790a61371e9ffdd4fb7b1c03e9.wav,nói cho tôi biết thời tiết tuần này,Máu cho tôi biết thầy tiếp tục này,nói cho tôi biết thời tiết tuần này,máu cho tôi biết thầy tiếp tục này,0.500000,0.321429,whisper-small,vi,true,reports/asr/v2/asr_test_predictions.csv
2599,data/audio/dev/b9e57ef8b8332997879f37d1ed09d580.wav,tôi muốn cà phê ngay bây giờ,Một cà phê ngay bây giờ,tôi muốn cà phê ngay bây giờ,một cà phê ngay bây giờ,0.285714,0.272727,whisper-small,vi,true,reports/asr/v2/asr_test_predictions.csv
2643,data/audio/dev/d3efce1529b836f01c1d795f8643c180.wav,phát mỹ tâm,Phát mấy tầm,phát mỹ tâm,phát mấy tầm,0.666667,0.333333,whisper-small,vi,true,reports/asr/v2/asr_test_predictions.csv
2963,data/audio/dev/e9d62c6bba29da6a6b6682ae11a7a7a4.wav,làm ơn phát bài hát yêu thích của tôi của mỹ tâm,và phát bài hát yêu thích của tôi của Mỹ Tâm.,làm ơn phát bài hát yêu thích của tôi của mỹ tâm,và phát bài hát yêu thích của tôi của mỹ tâm,0.166667,0.108108,whisper-small,vi,true,reports/asr/v2/asr_test_predictions.csv
3270,data/audio/dev/71c3911f8f3ff36638f3393e8ab78afd.wav,bỏ báo thức đặt cho ngày mai,Bỏ báo cức đặt cho ngày mai,bỏ báo thức đặt cho ngày mai,bỏ báo cức đặt cho ngày mai,0.142857,0.090909,whisper-small,vi,true,reports/asr/v2/asr_test_predictions.csv
3404,data/audio/dev/5d2fe1dc8553ec0787bdcee3f4fa486d.wav,làm thế nào phát lại bài hát,làm thế nào phát lại bài hết,làm thế nào phát lại bài hát,làm thế nào phát lại bài hết,0.142857,0.045455,whisper-small,vi,true,reports/asr/v2/asr_test_predictions.csv
3599,data/audio/dev/627536323d90fd338ee39fdaaab699a6.wav,đặt báo thức lúc một giờ chiều,Các bạn thật lúc mộp dạy chiều.,đặt báo thức lúc một giờ chiều,các bạn thật lúc mộp dạy chiều,0.714286,0.458333,whisper-small,vi,true,reports/asr/v2/asr_test_predictions.csv
3997,data/audio/dev/02415083c571d4564c4d5c0411390c11.wav,alexa có tin tức gì mới trong khu vực của tôi,Alexa có tâm tích nhìn mới trong khu vực của tôi.,alexa có tin tức gì mới trong khu vực của tôi,alexa có tâm tích nhìn mới trong khu vực của tôi,0.272727,0.200000,whisper-small,vi,true,reports/asr/v2/asr_test_predictions.csv
42,data/audio/dev/e17f9bc83fd7f711247f00ef8c7340f0.wav,cho tôi biết trạng thái trên bộ nhớ có sẵn của tôi,cho ta biết trạng thái trên bụi nhớ có sẵn của tôi.,cho tôi biết trạng thái trên bộ nhớ có sẵn của tôi,cho ta biết trạng thái trên bụi nhớ có sẵn của tôi,0.166667,0.102564,whisper-small,vi,true,reports/asr/v2/asr_test_predictions.csv
431,data/audio/dev/464c3dec71583a3b3e01a32bfc36f28a.wav,thời tiết vào thứ sáu như thế nào,Thời tiết vào thứ 6 như thế nào,thời tiết vào thứ sáu như thế nào,thời tiết vào thứ sáu như thế nào,0.000000,0.000000,whisper-small,vi,true,reports/asr/v2/asr_test_predictions.csv
4326,data/audio/dev/e0f6e72d72f41314eafba2a28678c3cd.wav,phát dynamite của a. c. d. c.,FACT DYNAMITICAL ACDC,phát dynamite của a c d c,fact dynamitical acdc,1.000000,0.315789,whisper-small,vi,true,reports/asr/v2/asr_test_predictions.csv
434,data/audio/dev/808f9029d822d98a52df0ee055d5851c.wav,hôm nay là ngày mấy,hôm nay là ngày mai,hôm nay là ngày mấy,hôm nay là ngày mai,0.200000,0.133333,whisper-small,vi,true,reports/asr/v2/asr_test_predictions.csv
465,data/audio/dev/cb32af9cd88fc67cfe8f0c69c4243dc8.wav,ngày hôm nay là ngày gì,"Ngày hôm nay, lần ngày thứ 2",ngày hôm nay là ngày gì,ngày hôm nay lần ngày thứ hai,0.500000,0.444444,whisper-small,vi,true,reports/asr/v2/asr_test_predictions.csv
4675,data/audio/dev/1450be9e9427cbf1134151ff614d9461.wav,giá cổ phiếu gần đây của google là bao nhiêu,các cổ phía gần đây cũng bư vụ là bao nhiêu,giá cổ phiếu gần đây của google là bao nhiêu,các cổ phía gần đây cũng bư vụ là bao nhiêu,0.500000,0.371429,whisper-small,vi,true,reports/asr/v2/asr_test_predictions.csv
4867,data/audio/dev/fe3be7afd88575a63ea6aac40e908959.wav,gọi pf chang đặt cho tôi trứng foo young,Rồi PS-chan đặt cho tôi trứng phù dụng.,gọi pf chang đặt cho tôi trứng foo young,rồi ps chan đặt cho tôi trứng phù dụng,0.555556,0.312500,whisper-small,vi,true,reports/asr/v2/asr_test_predictions.csv
5034,data/audio/dev/b3fc09c30a477bfa1b5458c675dfe7d7.wav,hôm nay là tuần mấy,Hôm nay lập tông máy,hôm nay là tuần mấy,hôm nay lập tông máy,0.600000,0.400000,whisper-small,vi,true,reports/asr/v2/asr_test_predictions.csv
5057,data/audio/dev/bf1e5bfc23f1c1c862db04f4f6dafa2f.wav,chạy nhạc từ danh sách phát này,Chạy nhạc từ dân sách pháp này.,chạy nhạc từ danh sách phát này,chạy nhạc từ dân sách pháp này,0.285714,0.120000,whisper-small,vi,true,reports/asr/v2/asr_test_predictions.csv
5322,data/audio/dev/639bb8d0ed91a7cb1c5eb99e5e6930ca.wav,thời tiết tại dĩ an bình dương hôm nay thế nào,và tiếp tại dĩa an bình dương hôm nay thế nào,thời tiết tại dĩ an bình dương hôm nay thế nào,và tiếp tại dĩa an bình dương hôm nay thế nào,0.272727,0.166667,whisper-small,vi,true,reports/asr/v2/asr_test_predictions.csv
5569,data/audio/dev/be9bf20fbd0171cc30e345cc51b42f0e.wav,mở nhạc của tôi,Má nhạc của tôi.,mở nhạc của tôi,má nhạc của tôi,0.250000,0.083333,whisper-small,vi,true,reports/asr/v2/asr_test_predictions.csv
6176,data/audio/dev/b5190fbf5885d11694780a39979575ea.wav,tôi có thể được giao hàng ở đây không,Tôi có thể được giao hẹn ở đây không?,tôi có thể được giao hàng ở đây không,tôi có thể được giao hẹn ở đây không,0.111111,0.068966,whisper-small,vi,true,reports/asr/v2/asr_test_predictions.csv
6361,data/audio/dev/10e01becf591223af5d6f8a1a11e4e7a.wav,chỉ tôi biết một loại đồ uống có cồn ngon,Thì tôi biết một lại đồ uống có còn...,chỉ tôi biết một loại đồ uống có cồn ngon,thì tôi biết một lại đồ uống có còn,0.400000,0.250000,whisper-small,vi,true,reports/asr/v2/asr_test_predictions.csv
658,data/audio/dev/d978bd1d8548858258f0ee0f5316062c.wav,hiện tại là mấy giờ ở sài gòn,Hiện tại là mấy giờ ở Sài Gòn,hiện tại là mấy giờ ở sài gòn,hiện tại là mấy giờ ở sài gòn,0.000000,0.000000,whisper-small,vi,true,reports/asr/v2/asr_test_predictions.csv
6699,data/audio/dev/b91536500a94b32d3e33b5e942fa5f26.wav,nói chuyện phiếm về những người nổi tiếng,Ngay điện xuyên về những người nổi tiếng.,nói chuyện phiếm về những người nổi tiếng,ngay điện xuyên về những người nổi tiếng,0.375000,0.323529,whisper-small,vi,true,reports/asr/v2/asr_test_predictions.csv
676,data/audio/dev/7a68131e09605cb2a44c710eaf9c25b9.wav,cài đặt khu vực thời gian,Cái đặc khu vực thời gian,cài đặt khu vực thời gian,cái đặc khu vực thời gian,0.333333,0.100000,whisper-small,vi,true,reports/asr/v2/asr_test_predictions.csv
682,data/audio/dev/31310fbe07d800ceb544cb60daad7a53.wav,theo dõi tin tức về sao kê từ thiện trong tương lai,Theo dõi tinh tức về sao cây từ thiện trong tương lai,theo dõi tin tức về sao kê từ thiện trong tương lai,theo dõi tinh tức về sao cây từ thiện trong tương lai,0.166667,0.100000,whisper-small,vi,true,reports/asr/v2/asr_test_predictions.csv
6991,data/audio/dev/29a85caca9e37444d1ad5bb76e182eae.wav,sự kiện mới nhất,tự kiến mới nhất.,sự kiện mới nhất,tự kiến mới nhất,0.500000,0.153846,whisper-small,vi,true,reports/asr/v2/asr_test_predictions.csv
7164,data/audio/dev/bbf0dd0cb4029e5e72b5ff1e3dcbc38f.wav,bốn giờ chiều,Môi sợ tiêu,bốn giờ chiều,môi sợ tiêu,1.000000,0.727273,whisper-small,vi,true,reports/asr/v2/asr_test_predictions.csv
718,data/audio/dev/1579f1e79098b372d0fb00640e11b3ab.wav,tôi có thể biết tin tức nóng hổi từ kênh mười bốn không,nó có thể biết tình tức nắm hội từ kênh 14.0,tôi có thể biết tin tức nóng hổi từ kênh mười bốn không,nó có thể biết tình tức nắm hội từ kênh mười bốn không,0.307692,0.209302,whisper-small,vi,true,reports/asr/v2/asr_test_predictions.csv
7300,data/audio/dev/225fdf9cd498395fcadb6ddaac427419.wav,đặt lời nhắc về việc tôi đến thăm ba tôi vào ngày mai,Đặc lời nhắc bởi vì tôi đến tham ba tôi vào ngày mai.,đặt lời nhắc về việc tôi đến thăm ba tôi vào ngày mai,đặc lời nhắc bởi vì tôi đến tham ba tôi vào ngày mai,0.307692,0.170732,whisper-small,vi,true,reports/asr/v2/asr_test_predictions.csv
7309,data/audio/dev/22fe6375d0a874c0553d0dfedff6c16e.wav,cuộc hẹn đầu tiên hôm nay của tôi là gì,Cục hiện đầu tiên hôm nay của tôi là gì?,cuộc hẹn đầu tiên hôm nay của tôi là gì,cục hiện đầu tiên hôm nay của tôi là gì,0.200000,0.133333,whisper-small,vi,true,reports/asr/v2/asr_test_predictions.csv
7495,data/audio/dev/7ceb758134bf3d55be51c1cce08e2459.wav,nhắc tôi về cuộc phỏng vấn ngày mai,Nếu tôi bị cầu phẩm vấn ngày mai,nhắc tôi về cuộc phỏng vấn ngày mai,nếu tôi bị cầu phẩm vấn ngày mai,0.500000,0.392857,whisper-small,vi,true,reports/asr/v2/asr_test_predictions.csv
8548,data/audio/dev/bf69dd8f2a5bd846b17892620c7d7199.wav,xoá sự kiện tiếp theo trên lịch,xóa sự kiến tích theo dân lịch,xoá sự kiện tiếp theo trên lịch,xóa sự kiến tích theo dân lịch,0.571429,0.360000,whisper-small,vi,true,reports/asr/v2/asr_test_predictions.csv
8619,data/audio/dev/25edfb37039e705304b9e7dc7aab20f3.wav,đặt lịch vào ngày mười lăm hàng tháng nhắc tôi trả tiền internet,Bật vào ngày 15 hành tháng nhắc tôi trả tiền internet.,đặt lịch vào ngày mười lăm hàng tháng nhắc tôi trả tiền internet,bật vào ngày mười lăm hành tháng nhắc tôi trả tiền internet,0.230769,0.134615,whisper-small,vi,true,reports/asr/v2/asr_test_predictions.csv
9214,data/audio/dev/e4c277accb67f5d0e84624d9f5310122.wav,mở pandora và phát trạm rock,Bản đồ ra với Factor & Rock.,mở pandora và phát trạm rock,bản đồ ra với factor rock,0.833333,0.608696,whisper-small,vi,true,reports/asr/v2/asr_test_predictions.csv
9432,data/audio/dev/bb2270c39c7d9a1363edad59ab35706b.wav,có bao nhiêu podcast thể thao của tôi có tập mới tôi chưa nghe,Có bao nhiêu podcast thể thào của tôi có tập mới tôi chưa nghe à,có bao nhiêu podcast thể thao của tôi có tập mới tôi chưa nghe,có bao nhiêu podcast thể thào của tôi có tập mới tôi chưa nghe à,0.142857,0.040816,whisper-small,vi,true,reports/asr/v2/asr_test_predictions.csv
9831,data/audio/dev/677cef44f6177e7fa8a442fcd26962f6.wav,bắt đầu đọc tam quốc diễn nghĩa từ chương bốn,bắt đầu đọc tam quốc diễn nghỉ từ chương 4.,bắt đầu đọc tam quốc diễn nghĩa từ chương bốn,bắt đầu đọc tam quốc diễn nghỉ từ chương bốn,0.100000,0.055556,whisper-small,vi,true,reports/asr/v2/asr_test_predictions.csv
10146,data/audio/dev/be5ab535d6d0aa2939d150d3e1dc12dd.wav,làm thế nào để bạn nấu một món trứng tráng phô mai,Anh thế nào để bạn nấu 1 món trứng ráng phù mai?,làm thế nào để bạn nấu một món trứng tráng phô mai,anh thế nào để bạn nấu một món trứng ráng phù mai,0.250000,0.128205,whisper-small,vi,true,reports/asr/v2/asr_test_predictions.csv
10506,data/audio/dev/92d7963f2780f78565db32e9242018aa.wav,các danh sách của tôi là gì,các danh sách của tôi là gì,các danh sách của tôi là gì,các danh sách của tôi là gì,0.000000,0.000000,whisper-small,vi,true,reports/asr/v2/asr_test_predictions.csv
11041,data/audio/dev/bbca61021d0975ec86bdc1c42bad9e48.wav,nhắc tôi đặt thêm xà bông,Nhất tôi đặt thêm xả bóng,nhắc tôi đặt thêm xà bông,nhất tôi đặt thêm xả bóng,0.500000,0.200000,whisper-small,vi,true,reports/asr/v2/asr_test_predictions.csv
11212,data/audio/dev/274b58864e722a77181d596393045cd5.wav,xóa danh sách phát cũ và tạo cái mới,Xóa dành xách phát cụ và tạo cái mới.,xóa danh sách phát cũ và tạo cái mới,xóa dành xách phát cụ và tạo cái mới,0.333333,0.107143,whisper-small,vi,true,reports/asr/v2/asr_test_predictions.csv
11300,data/audio/dev/6904f17e7f5f59766d7efb0c34d15681.wav,tiến đến tập kế tiếp,Tiếng đến tập k-tip,tiến đến tập kế tiếp,tiếng đến tập k tip,0.600000,0.187500,whisper-small,vi,true,reports/asr/v2/asr_test_predictions.csv
11631,data/audio/dev/f2389b73b062a0e6db85520c501615d2.wav,tôi cần ít sushi gần nhất,Đó gặng ít sushi gặng nhất,tôi cần ít sushi gần nhất,đó gặng ít sushi gặng nhất,0.500000,0.400000,whisper-small,vi,true,reports/asr/v2/asr_test_predictions.csv
1177,data/audio/dev/1eba2546a0e8bb7479c113aa77105f58.wav,lời bài hát người hãy quên em đi của mỹ tâm,Mời bài hát người hãy quên em đi của Mỹ Tăng,lời bài hát người hãy quên em đi của mỹ tâm,mời bài hát người hãy quên em đi của mỹ tăng,0.181818,0.121212,whisper-small,vi,true,reports/asr/v2/asr_test_predictions.csv
12165,data/audio/dev/bd59ca3112716984b10b5cd321ef88d6.wav,đặt vé tàu hỏa ghế hạng a. c. từ hà nội đến nghệ an,đặc vẽ tàu hỏa ghế hàng AC từ Hà Nội đến Hình An,đặt vé tàu hỏa ghế hạng a c từ hà nội đến nghệ an,đặc vẽ tàu hỏa ghế hàng ac từ hà nội đến hình an,0.428571,0.194444,whisper-small,vi,true,reports/asr/v2/asr_test_predictions.csv
12298,data/audio/dev/7062a8cfdccd9a6e8a6d999b9047d342.wav,hãy gọi một chiếc taxi,Hãy gọi một chiếc tắc xí,hãy gọi một chiếc taxi,hãy gọi một chiếc tắc xí,0.400000,0.166667,whisper-small,vi,true,reports/asr/v2/asr_test_predictions.csv
13024,data/audio/dev/c784627eed63ffea4819fa28622649be.wav,gửi thư điện tử cho bạn bè,Đưới thơ điện tử cho bạn bè,gửi thư điện tử cho bạn bè,đưới thơ điện tử cho bạn bè,0.285714,0.200000,whisper-small,vi,true,reports/asr/v2/asr_test_predictions.csv
13033,data/audio/dev/2579b1a2be52908063afc90338387ce4.wav,ba nhân bảy bằng bao nhiêu,3 nhanh 7 bằng bao nhiêu,ba nhân bảy bằng bao nhiêu,ba nhanh bảy bằng bao nhiêu,0.166667,0.095238,whisper-small,vi,true,reports/asr/v2/asr_test_predictions.csv
14156,data/audio/dev/c01de1acb4a6088004e89e8e60543e16.wav,tìm trên wikipedia,"Em đi, em đi, em đi, em đi, em đi.",tìm trên wikipedia,em đi em đi em đi em đi em đi,3.333333,1.062500,whisper-small,vi,true,reports/asr/v2/asr_test_predictions.csv
15805,data/audio/dev/85bf94f7b9d6f8d56c6fd3b6feedf7a5.wav,email cho nam về cuộc họp ngày mai nam chúng ta có cuộc họp buổi chiều,E-mail cho Nam về cuộc hợp ngày mai Nam chúng ta có cuộc hợp buổi chiều,email cho nam về cuộc họp ngày mai nam chúng ta có cuộc họp buổi chiều,email cho nam về cuộc hợp ngày mai nam chúng ta có cuộc hợp buổi chiều,0.125000,0.036364,whisper-small,vi,true,reports/asr/v2/asr_test_predictions.csv
16140,data/audio/dev/8b2d202f3de6ce13543d2428655d2eaa.wav,cho tôi xem toàn bộ email đã nhận gần đây kèm mốc thời gian,cho tôi xem toàn bộ email đã nhận gần đây kề móc thời gian,cho tôi xem toàn bộ email đã nhận gần đây kèm mốc thời gian,cho tôi xem toàn bộ email đã nhận gần đây kề móc thời gian,0.142857,0.065217,whisper-small,vi,true,reports/asr/v2/asr_test_predictions.csv
16286,data/audio/dev/443dd257609206f6e43b22db80673865.wav,gửi email cho anh bán thuyền nói là tôi có tiền,"Cứ e-mail cho anh bán thuyền, nói là tôi có tiền",gửi email cho anh bán thuyền nói là tôi có tiền,cứ email cho anh bán thuyền nói là tôi có tiền,0.090909,0.081081,whisper-small,vi,true,reports/asr/v2/asr_test_predictions.csv
16319,data/audio/dev/f0fe88672149f64b562d8c1b01da83e9.wav,trả lời tất cả,Cả lời đất cả!,trả lời tất cả,cả lời đất cả,0.500000,0.272727,whisper-small,vi,true,reports/asr/v2/asr_test_predictions.csv
16580,data/audio/dev/9b438379aa5b48a2fadf31dd2f4f58b7.wav,google tìm địa chỉ email mới của dũng tôi đã thêm vào hôm thứ sáu,"Google tìm địa chỉ email mới của Dũng, tôi đã them vào hôm thứ 6",google tìm địa chỉ email mới của dũng tôi đã thêm vào hôm thứ sáu,google tìm địa chỉ email mới của dũng tôi đã them vào hôm thứ sáu,0.066667,0.019608,whisper-small,vi,true,reports/asr/v2/asr_test_predictions.csv
16971,data/audio/dev/32ab6aaf922a615df5cea5967561731f.wav,tôi muốn trả lời email của hùng,Tôi muốn trả lời e-mail của Hồng,tôi muốn trả lời email của hùng,tôi muốn trả lời email của hồng,0.142857,0.040000,whisper-small,vi,true,reports/asr/v2/asr_test_predictions.csv
17009,data/audio/dev/1171f8669b74c14c393e06173fd31937.wav,kiểm tra hộp thư cho tôi,kiểm tra hợp thư cho tôi,kiểm tra hộp thư cho tôi,kiểm tra hợp thư cho tôi,0.166667,0.052632,whisper-small,vi,true,reports/asr/v2/asr_test_predictions.csv
1839,data/audio/dev/03e4ab971fa7bfc7ff4cf78b7d1a5c0c.wav,đi đên youtube và phát cho tôi bộ sưu tập các bài hát cưới hay nhất,Đi đến youtube và phát cho tôi bộ sưu tập các bài hát cưới hay nhắc.,đi đên youtube và phát cho tôi bộ sưu tập các bài hát cưới hay nhất,đi đến youtube và phát cho tôi bộ sưu tập các bài hát cưới hay nhắc,0.125000,0.057692,whisper-small,vi,true,reports/asr/v2/asr_test_predictions.csv
2120,data/audio/dev/15e5fe52ce60d8d0da8b73162934fa44.wav,chuyển các đèn thành màu xanh dương,Chuyến các đèn thành màu xanh dương,chuyển các đèn thành màu xanh dương,chuyến các đèn thành màu xanh dương,0.142857,0.034483,whisper-small,vi,true,reports/asr/v2/asr_test_predictions.csv
2318,data/audio/dev/c68c5217e66d4ed84763e736fe828113.wav,giảm tối đa nguồn đèn,Vậy ông tối ra ngừng đèn,giảm tối đa nguồn đèn,vậy ông tối ra ngừng đèn,0.800000,0.588235,whisper-small,vi,true,reports/asr/v2/asr_test_predictions.csv
2425,data/audio/dev/22148119b6415e7139939063857765f7.wav,nói cho tôi biết bây giờ mấy giờ,Nói cho tao biết bây giờ là mấy giờ?,nói cho tôi biết bây giờ mấy giờ,nói cho tao biết bây giờ là mấy giờ,0.250000,0.160000,whisper-small,vi,true,reports/asr/v2/asr_test_predictions.csv
26,data/audio/dev/c5810df13e751bb7f2eea8d9aa4dccad.wav,lau dọn căn hộ,Lâu yön cân hồ,lau dọn căn hộ,lâu yön cân hồ,1.000000,0.454545,whisper-small,vi,true,reports/asr/v2/asr_test_predictions.csv
2623,data/audio/dev/7c7cebc78fe8d2f98f86ee1bc0187ffc.wav,làm ơn đừng nói gì cả,Làm ơn đừng nói gì cả,làm ơn đừng nói gì cả,làm ơn đừng nói gì cả,0.000000,0.000000,whisper-small,vi,true,reports/asr/v2/asr_test_predictions.csv
2687,data/audio/dev/eee6801aa17d066cd4f44e8bcaef1c37.wav,xác nhận đặt hàng,sắp nhẳng đặc hạn.,xác nhận đặt hàng,sắp nhẳng đặc hạn,1.000000,0.571429,whisper-small,vi,true,reports/asr/v2/asr_test_predictions.csv
2846,data/audio/dev/baca8c09c71f0d5a044f9c3211a4d59e.wav,hãy nghe bản nhạc này,Hãy nghe bản nhạc này.,hãy nghe bản nhạc này,hãy nghe bản nhạc này,0.000000,0.000000,whisper-small,vi,true,reports/asr/v2/asr_test_predictions.csv
2886,data/audio/dev/75d2e87964dbd95ea3e16b45455dd496.wav,vui lòng cho xem các bài viết về chú chó ngồi ở tin tức buổi sáng,Vui lòng cho xem các bài viết về chú Chó ngồi ở tinh tức buổi xác.,vui lòng cho xem các bài viết về chú chó ngồi ở tin tức buổi sáng,vui lòng cho xem các bài viết về chú chó ngồi ở tinh tức buổi xác,0.125000,0.080000,whisper-small,vi,true,reports/asr/v2/asr_test_predictions.csv
2943,data/audio/dev/216094825107b1265c6839ad1d86df9f.wav,hôm nay là ngày bao nhiêu,Hôm nay là ngày bao nhiêu?,hôm nay là ngày bao nhiêu,hôm nay là ngày bao nhiêu,0.000000,0.000000,whisper-small,vi,true,reports/asr/v2/asr_test_predictions.csv
3202,data/audio/dev/318ebff76f11b62a74b33ce97b395d47.wav,bạn nên biết là tôi thích nhạc jazz,Bạn nên biết là tôi thích nhật giác,bạn nên biết là tôi thích nhạc jazz,bạn nên biết là tôi thích nhật giác,0.250000,0.214286,whisper-small,vi,true,reports/asr/v2/asr_test_predictions.csv
3437,data/audio/dev/838ae0f22a3cade95663278e50664bdf.wav,vui lòng tăng ánh sáng lên,Vui làm tăng ăn sáng lên,vui lòng tăng ánh sáng lên,vui làm tăng ăn sáng lên,0.333333,0.238095,whisper-small,vi,true,reports/asr/v2/asr_test_predictions.csv
365,data/audio/dev/223ca668645b0f7dd07605bcea91d381.wav,hôm nay phải thứ hai không,Hôm nay phải thứ hai không?,hôm nay phải thứ hai không,hôm nay phải thứ hai không,0.000000,0.000000,whisper-small,vi,true,reports/asr/v2/asr_test_predictions.csv
3720,data/audio/dev/500a94fa35b9502a521eb081bc59a691.wav,thời gian ngay bây giờ ở úc là mấy giờ,thời gian ngay bây giờ ở ốc là mấy giờ?,thời gian ngay bây giờ ở úc là mấy giờ,thời gian ngay bây giờ ở ốc là mấy giờ,0.100000,0.034483,whisper-small,vi,true,reports/asr/v2/asr_test_predictions.csv
3758,data/audio/dev/7d1dc139fc609add8db6cb58be5f1654.wav,sau bài này phát cho tôi người hãy quên em đi,"Sau bài này, phát cho tôi người hãy quên em đi",sau bài này phát cho tôi người hãy quên em đi,sau bài này phát cho tôi người hãy quên em đi,0.000000,0.000000,whisper-small,vi,true,reports/asr/v2/asr_test_predictions.csv
4604,data/audio/dev/dbe203875f6e888123c5d2d936c4ad2c.wav,kiểm tra xem đơn đặt hàng của tôi tại pizza hut có giao chưa,Kiểm tra xem đơn đặt hàng của tàu tại Pizza Hut có giao chưa?,kiểm tra xem đơn đặt hàng của tôi tại pizza hut có giao chưa,kiểm tra xem đơn đặt hàng của tàu tại pizza hut có giao chưa,0.071429,0.042553,whisper-small,vi,true,reports/asr/v2/asr_test_predictions.csv
4622,data/audio/dev/4c7317e2f6e872e7a0fa715836a924f0.wav,làm mờ các đèn thành mức độ hai,là mở các đèn thành mức độ 2,làm mờ các đèn thành mức độ hai,là mở các đèn thành mức độ hai,0.250000,0.083333,whisper-small,vi,true,reports/asr/v2/asr_test_predictions.csv
490,data/audio/dev/cf54fcb08b5b6e3784b13ebc6d7f4544.wav,ngoài trời nóng phải không,Ngồi ta ơi nóng phải không?,ngoài trời nóng phải không,ngồi ta ơi nóng phải không,0.600000,0.181818,whisper-small,vi,true,reports/asr/v2/asr_test_predictions.csv
5063,data/audio/dev/8f8e550c4a6c2c98dcd693fbf51d3432.wav,thay đổi độ mờ của màu,Thay đổi độ mè của màu,thay đổi độ mờ của màu,thay đổi độ mè của màu,0.166667,0.058824,whisper-small,vi,true,reports/asr/v2/asr_test_predictions.csv
5100,data/audio/dev/c5a853109dd8fe7cd0523063239c6780.wav,siri hủy báo thức tập yoga,series hủy báo thức tập vô gà,siri hủy báo thức tập yoga,series hủy báo thức tập vô gà,0.500000,0.285714,whisper-small,vi,true,reports/asr/v2/asr_test_predictions.csv
5352,data/audio/dev/0f01143e2172da12cccf18ffd9a90be3.wav,phát từ danh sách phát của tôi,phát thời gian sách phát của tôi,phát từ danh sách phát của tôi,phát thời gian sách phát của tôi,0.285714,0.250000,whisper-small,vi,true,reports/asr/v2/asr_test_predictions.csv
5372,data/audio/dev/0a10f7222fa91281ff666e37717c4fb1.wav,có gì mới trên zing m. p. ba,Có gì mới trên Jin MB3?,có gì mới trên zing m p ba,có gì mới trên jin mb3,0.500000,0.210526,whisper-small,vi,true,reports/asr/v2/asr_test_predictions.csv
5741,data/audio/dev/f79ac16b2b417b5e8eee4be245c32dfe.wav,máy ghi âm orevena cho tôi biết trang hệ thống nơi lưu bài hát,Máy ghi âm Ovana cho tôi biết rằng hệ thống nơi lưu bài hát.,máy ghi âm orevena cho tôi biết trang hệ thống nơi lưu bài hát,máy ghi âm ovana cho tôi biết rằng hệ thống nơi lưu bài hát,0.142857,0.102041,whisper-small,vi,true,reports/asr/v2/asr_test_predictions.csv
6111,data/audio/dev/5515af08413aea58f6ae41c046dec00e.wav,hey olly đặt hai phần cánh gà và khoai tây chiên ở cửa hàng đồ ăn trung,"Hay Oli, đặt 2 phần cánh gà và khoai tay chiên ở cử hàng đồ ăn trung",hey olly đặt hai phần cánh gà và khoai tây chiên ở cửa hàng đồ ăn trung,hay oli đặt hai phần cánh gà và khoai tay chiên ở cử hàng đồ ăn trung,0.235294,0.090909,whisper-small,vi,true,reports/asr/v2/asr_test_predictions.csv
6209,data/audio/dev/9b93aee59f060fea0b760eef86690b0f.wav,thật tuyệt nếu ăn tối tại nhà hàng mới mở ở trung tâm thành phố,Thật tuyệt nếu ăn tối tại nhà hàng mới mở ở trung tâm thành phố,thật tuyệt nếu ăn tối tại nhà hàng mới mở ở trung tâm thành phố,thật tuyệt nếu ăn tối tại nhà hàng mới mở ở trung tâm thành phố,0.000000,0.000000,whisper-small,vi,true,reports/asr/v2/asr_test_predictions.csv
6265,data/audio/dev/d9738b80182a04c963498902c75d5af2.wav,cho tôi biết những tin tức quan trọng hôm nay,cho tôi biết những tin tức quan trọng hôm nay.,cho tôi biết những tin tức quan trọng hôm nay,cho tôi biết những tin tức quan trọng hôm nay,0.000000,0.000000,whisper-small,vi,true,reports/asr/v2/asr_test_predictions.csv
6642,data/audio/dev/5592e797ed420aa9e8a9a994d1cfb64b.wav,lời khuyên kinh tế gần đây,Mở khuyên kinh tế gặp đây,lời khuyên kinh tế gần đây,mở khuyên kinh tế gặp đây,0.333333,0.238095,whisper-small,vi,true,reports/asr/v2/asr_test_predictions.csv
7374,data/audio/dev/014aceda870882c37d4898a26d0e2361.wav,có những cuộc họp nào vào tháng ba,Có những cuộc hộp nào vào tháng 3,có những cuộc họp nào vào tháng ba,có những cuộc hộp nào vào tháng ba,0.125000,0.037037,whisper-small,vi,true,reports/asr/v2/asr_test_predictions.csv
7523,data/audio/dev/6b70e7727685bb2e7bd1d76e1cdee6cd.wav,chúng ta nhận được gì trong cuộc họp được tổ chức ngày hôm qua,chúng ta nhận được gì trong cuộc họp được tổ chức ngày hôm qua,chúng ta nhận được gì trong cuộc họp được tổ chức ngày hôm qua,chúng ta nhận được gì trong cuộc họp được tổ chức ngày hôm qua,0.000000,0.000000,whisper-small,vi,true,reports/asr/v2/asr_test_predictions.csv
756,data/audio/dev/2b97746d01fa44d7fb26c9cbfa3fb970.wav,bạn có thể tắt ổ chuyển đổi thông minh không,Bạn có thể tắt bộ chuyển đảo thân mình không?,bạn có thể tắt ổ chuyển đổi thông minh không,bạn có thể tắt bộ chuyển đảo thân mình không,0.400000,0.200000,whisper-small,vi,true,reports/asr/v2/asr_test_predictions.csv
7846,data/audio/dev/8b61bdea61350fbcb3aae44fd23cbc0c.wav,có những lời nhắc nào sắp tới trong tuần này,Có những lời nhắc nào sắp tới trong tuần này,có những lời nhắc nào sắp tới trong tuần này,có những lời nhắc nào sắp tới trong tuần này,0.000000,0.000000,whisper-small,vi,true,reports/asr/v2/asr_test_predictions.csv
7968,data/audio/dev/cb410fef3c28e032b49e0c7f69b1645a.wav,tôi cần biết gì về buổi biểu diễn,Tối càng biết dày về buổi biếu diễn.,tôi cần biết gì về buổi biểu diễn,tối càng biết dày về buổi biếu diễn,0.500000,0.269231,whisper-small,vi,true,reports/asr/v2/asr_test_predictions.csv
8122,data/audio/dev/bf0cf07430540310ba6a8a1ce7b6baeb.wav,sự kiện ăn trưa nhắc lại vào mỗi thứ sáu,Sự kiện ăn trưa nhắc lại bằng mỗi thứ sau,sự kiện ăn trưa nhắc lại vào mỗi thứ sáu,sự kiện ăn trưa nhắc lại bằng mỗi thứ sau,0.200000,0.161290,whisper-small,vi,true,reports/asr/v2/asr_test_predictions.csv
8451,data/audio/dev/424c0d0fa8b977cef5ecebbe69b897d8.wav,nhắc tôi về kì nghỉ lễ quốc gia sắp tới,"Nhắc tôi về kỳ nghỉ, vẽ quốc gia sắp tới",nhắc tôi về kì nghỉ lễ quốc gia sắp tới,nhắc tôi về kỳ nghỉ vẽ quốc gia sắp tới,0.200000,0.100000,whisper-small,vi,true,reports/asr/v2/asr_test_predictions.csv
8941,data/audio/dev/516ccd1ba79828dd7d739fedd3685d62.wav,khi nào đến kỳ nghỉ của tháng này,Khi nào đến kỳ nghỉ của tháng ngại?,khi nào đến kỳ nghỉ của tháng này,khi nào đến kỳ nghỉ của tháng ngại,0.125000,0.115385,whisper-small,vi,true,reports/asr/v2/asr_test_predictions.csv
9008,data/audio/dev/fbdb93c647f9042802c62c5774f5aeac.wav,xóa sự kiện sinh nhật khỏi lịch của tôi,và sự kiện sinh nhật khói lực của tôi.,xóa sự kiện sinh nhật khỏi lịch của tôi,và sự kiện sinh nhật khói lực của tôi,0.333333,0.193548,whisper-small,vi,true,reports/asr/v2/asr_test_predictions.csv
9023,data/audio/dev/401f5ee24eab106f2de39d3c37cc22b1.wav,tạo lời nhắc cho việc nộp đơn xin thị thực vào ngày thứ năm này,Tạo lời nhắn cho việc nộp đơn xin thị thức vào ngày thứ Nam này.,tạo lời nhắc cho việc nộp đơn xin thị thực vào ngày thứ năm này,tạo lời nhắn cho việc nộp đơn xin thị thức vào ngày thứ nam này,0.200000,0.061224,whisper-small,vi,true,reports/asr/v2/asr_test_predictions.csv
9382,data/audio/dev/a42b0fb9a99c8a6c30059faeeb28f67d.wav,phát b. b. c. radio số bốn,các BBC radio số bóng,phát b b c radio số bốn,các bbc radio số bóng,0.714286,0.294118,whisper-small,vi,true,reports/asr/v2/asr_test_predictions.csv
9492,data/audio/dev/82608555461b4873ee80300e8eec53d4.wav,mở danh sách phát hiện tại,Mở danh sách phát hiện tại.,mở danh sách phát hiện tại,mở danh sách phát hiện tại,0.000000,0.000000,whisper-small,vi,true,reports/asr/v2/asr_test_predictions.csv
9660,data/audio/dev/9d7f1326fffd2c579c8aa82e23ee9409.wav,phát chương trình này,Phát chương trình này.,phát chương trình này,phát chương trình này,0.000000,0.000000,whisper-small,vi,true,reports/asr/v2/asr_test_predictions.csv
10196,data/audio/dev/0874a6682bc63a5b0d00f5c441f137a0.wav,tôi cần một số ý tưởng cho bữa tối kiểu mexican,Tôi cần một số ý tưởng cho bữa tôi kiểu Mexican,tôi cần một số ý tưởng cho bữa tối kiểu mexican,tôi cần một số ý tưởng cho bữa tôi kiểu mexican,0.090909,0.027027,whisper-small,vi,true,reports/asr/v2/asr_test_predictions.csv
10255,data/audio/dev/bfec0e84edb4e23fafaafc18d314348a.wav,tôi muốn chơi cờ vua bạn mở nó được không,Tôi muốn chơi cờ vua bạn mở nó được không?,tôi muốn chơi cờ vua bạn mở nó được không,tôi muốn chơi cờ vua bạn mở nó được không,0.000000,0.000000,whisper-small,vi,true,reports/asr/v2/asr_test_predictions.csv
11014,data/audio/dev/92627beafc15f39794408fcb6f89e87b.wav,cho thêm cái phần này vào một danh sách,Cho thêm cái phần này vào một dây xách,cho thêm cái phần này vào một danh sách,cho thêm cái phần này vào một dây xách,0.222222,0.129032,whisper-small,vi,true,reports/asr/v2/asr_test_predictions.csv
11294,data/audio/dev/743565fe130cb27309223b0b3108ee00.wav,định vị danh sách phát của tôi,Định vị danh rách phát của tôi,định vị danh sách phát của tôi,định vị danh rách phát của tôi,0.142857,0.041667,whisper-small,vi,true,reports/asr/v2/asr_test_predictions.csv
11326,data/audio/dev/15eb1552ae855e95ba51d0799aee3c92.wav,phát tập số bảy của vov,phát tập sổ máy của VOV,phát tập số bảy của vov,phát tập sổ máy của vov,0.333333,0.166667,whisper-small,vi,true,reports/asr/v2/asr_test_predictions.csv
11364,data/audio/dev/2a373490cde1addd1585707704f62655.wav,bỏ qua cho tới podcast tiếp theo,Bỏ qua cho tới podcast tiếp theo,bỏ qua cho tới podcast tiếp theo,bỏ qua cho tới podcast tiếp theo,0.000000,0.000000,whisper-small,vi,true,reports/asr/v2/asr_test_predictions.csv
11477,data/audio/dev/65eafb090172d8d97b154b0fa04002ae.wav,phát tập của thứ mà bạn biết có ở trong danh sách chờ,phát tập của thứ mà bạn biết có ở trong danh sách trở.,phát tập của thứ mà bạn biết có ở trong danh sách chờ,phát tập của thứ mà bạn biết có ở trong danh sách trở,0.076923,0.073171,whisper-small,vi,true,reports/asr/v2/asr_test_predictions.csv
11513,data/audio/dev/0e4adc0c063ef472339bbf25a17ec7af.wav,olly mở podcast tâm lý học tuổi trẻ,Oly mở podcast tâm lý hợp tụi chè,olly mở podcast tâm lý học tuổi trẻ,oly mở podcast tâm lý hợp tụi chè,0.500000,0.285714,whisper-small,vi,true,reports/asr/v2/asr_test_predictions.csv
11712,data/audio/dev/f56690ba87ed38817fe464a3b83d1726.wav,liệt kê cho tôi tất cả các sự kiện ở địa phương,Điệt kê cho tôi tất cả các sự kiện ở địa phương.,liệt kê cho tôi tất cả các sự kiện ở địa phương,điệt kê cho tôi tất cả các sự kiện ở địa phương,0.083333,0.027778,whisper-small,vi,true,reports/asr/v2/asr_test_predictions.csv
11883,data/audio/dev/0870a9d56e6956aafba4519fb13d4916.wav,nên gọi xe hãng nào thì tốt nhất,nên gọi xe hãng nào thì tốt nhất,nên gọi xe hãng nào thì tốt nhất,nên gọi xe hãng nào thì tốt nhất,0.000000,0.000000,whisper-small,vi,true,reports/asr/v2/asr_test_predictions.csv
11899,data/audio/dev/c1303583ecf2aef527006d9e55d201d7.wav,có phim gì hay đáng để xem không,Có phim gì hay đáng để xem không?,có phim gì hay đáng để xem không,có phim gì hay đáng để xem không,0.000000,0.000000,whisper-small,vi,true,reports/asr/v2/asr_test_predictions.csv
12236,data/audio/dev/513389246cda8484384bf5c22df55cff.wav,đặt grab từ nhà tôi,Đặt grab thử nhà tôi,đặt grab từ nhà tôi,đặt grab thử nhà tôi,0.200000,0.133333,whisper-small,vi,true,reports/asr/v2/asr_test_predictions.csv
12284,data/audio/dev/968b6746a21dafade43faa93be4deca6.wav,chuyến tàu hỏa tiếp theo đi nha trang vào lúc nào,Chuyến tàu hỏa tiếp theo đi Nha Trang vào lúc nào.,chuyến tàu hỏa tiếp theo đi nha trang vào lúc nào,chuyến tàu hỏa tiếp theo đi nha trang vào lúc nào,0.000000,0.000000,whisper-small,vi,true,reports/asr/v2/asr_test_predictions.csv
12358,data/audio/dev/4203d5b24da27d143ce6275aec7c379c.wav,tôi muốn biết về điều kiện giao thông,Tôi muốn biết về điều kiện ra thông.,tôi muốn biết về điều kiện giao thông,tôi muốn biết về điều kiện ra thông,0.125000,0.100000,whisper-small,vi,true,reports/asr/v2/asr_test_predictions.csv
12455,data/audio/dev/c2a6c5586cb813bf0ede90c3889900e6.wav,thời gian của chuyến tàu tới hà nội ngày hai mươi ba,Thời gian của chuyến tàu tới Hà Nội ngày 23,thời gian của chuyến tàu tới hà nội ngày hai mươi ba,thời gian của chuyến tàu tới hà nội ngày hai mươi ba,0.000000,0.000000,whisper-small,vi,true,reports/asr/v2/asr_test_predictions.csv
12669,data/audio/dev/84ceb55a441306b0ec3175dd6631b2be.wav,bạn có thể kiểm tra giao thông trên đường về nhà của chúng tôi không,bạn có thể kiểm tra giao thông trên đường về nhà của chúng tôi không?,bạn có thể kiểm tra giao thông trên đường về nhà của chúng tôi không,bạn có thể kiểm tra giao thông trên đường về nhà của chúng tôi không,0.000000,0.000000,whisper-small,vi,true,reports/asr/v2/asr_test_predictions.csv
13037,data/audio/dev/4babb46fe76efc2f940fba95ac1b24a9.wav,tôi nên nấu món gì tối nay,Tôi nên nấu món gì tối nay,tôi nên nấu món gì tối nay,tôi nên nấu món gì tối nay,0.000000,0.000000,whisper-small,vi,true,reports/asr/v2/asr_test_predictions.csv
13198,data/audio/dev/8a6c44358895265042f036dadb06f64a.wav,tính phường trình này,tính phương trình này,tính phường trình này,tính phương trình này,0.250000,0.055556,whisper-small,vi,true,reports/asr/v2/asr_test_predictions.csv
13224,data/audio/dev/9432a009255596a1e23a554db10748e9.wav,jennifer lopez bao nhiêu tuổi,"Jennifer Lopez, mang yêu tuổi",jennifer lopez bao nhiêu tuổi,jennifer lopez mang yêu tuổi,0.400000,0.160000,whisper-small,vi,true,reports/asr/v2/asr_test_predictions.csv
13281,data/audio/dev/19c4412d3ec0010890bac0623408b190.wav,tôi muốn tôi viết những tin nhắn lãng mạn ban đầu cho vợ của tôi,Tôi muốn tôi viết những tình nhắn lãng mạng man đầu cho vợ của tôi.,tôi muốn tôi viết những tin nhắn lãng mạn ban đầu cho vợ của tôi,tôi muốn tôi viết những tình nhắn lãng mạng man đầu cho vợ của tôi,0.200000,0.080000,whisper-small,vi,true,reports/asr/v2/asr_test_predictions.csv
13544,data/audio/dev/228d43a7607bac4b924466dcb1d7cbb6.wav,kẹo ngọt có calo không,kiểu ngọt có ca lâu không?,kẹo ngọt có calo không,kiểu ngọt có ca lâu không,0.600000,0.277778,whisper-small,vi,true,reports/asr/v2/asr_test_predictions.csv
13617,data/audio/dev/eaa1a929ab7a8e7782bf4d176dd72635.wav,kể cho tôi nghe điều kỳ lạ nhất đang xảy ra trên thế giới hôm nay,Kể cho tôi nghe điều kỳ lạ nhất đang xảy ra trên thế giới hôm nay,kể cho tôi nghe điều kỳ lạ nhất đang xảy ra trên thế giới hôm nay,kể cho tôi nghe điều kỳ lạ nhất đang xảy ra trên thế giới hôm nay,0.000000,0.000000,whisper-small,vi,true,reports/asr/v2/asr_test_predictions.csv
138,data/audio/dev/726f83cd268524a2d077ec4e0e9b26f8.wav,bài hát đó là gì,Bài hát đó là gì?,bài hát đó là gì,bài hát đó là gì,0.000000,0.000000,whisper-small,vi,true,reports/asr/v2/asr_test_predictions.csv
13812,data/audio/dev/e180a8de4f5f34968473009bb74adda3.wav,cho tôi biết về nấm hương,cho tôi biết về nắm hương,cho tôi biết về nấm hương,cho tôi biết về nắm hương,0.166667,0.050000,whisper-small,vi,true,reports/asr/v2/asr_test_predictions.csv
14269,data/audio/dev/81d06caf4aac392329eea7dd5b56718d.wav,nói với tôi một euro bằng dollars,Nói với tôi 1 euro bằng uống lạc,nói với tôi một euro bằng dollars,nói với tôi một euro bằng uống lạc,0.285714,0.259259,whisper-small,vi,true,reports/asr/v2/asr_test_predictions.csv
1430,data/audio/dev/881bee9bdd48fa239a355ac359f77017.wav,tìm và bỏ vào danh sách tất cả bài hát của mỹ tâm và phát tất cả không xáo trộn,Tìm và bỏ vào danh sách tất cả bài hát của Mỹ Tâm và phát tất cả 06 trộn.,tìm và bỏ vào danh sách tất cả bài hát của mỹ tâm và phát tất cả không xáo trộn,tìm và bỏ vào danh sách tất cả bài hát của mỹ tâm và phát tất cả sáu trộn,0.100000,0.116667,whisper-small,vi,true,reports/asr/v2/asr_test_predictions.csv
14516,data/audio/dev/8477dc7dd7405d4c2fbd53e7e8cf7f90.wav,điện thoại thông minh tốt nhất vào năm hai không mười bảy là cái nào,Điện thoại thông minh tốt nhất vào năm 2017 là cái nào?,điện thoại thông minh tốt nhất vào năm hai không mười bảy là cái nào,điện thoại thông minh tốt nhất vào năm hai nghìn không trăm mười bảy là cái nào,0.133333,0.166667,whisper-small,vi,true,reports/asr/v2/asr_test_predictions.csv
14582,data/audio/dev/8092c5373759cc8edb0ac164ed6298b1.wav,cho tôi biết làm thế nào để đi bali mà không cần máy bay với chi phí thấp nhất thời gian tùy chọn không thành vấn đề tôi có thời gian đi lại hai trăm ngày và chỉ có đô la để chi tiêu,"Cho tôi biết làm thế nào để đi Bali mà không cần máy bay với chi phí thức nhất, thời gian tuy chọn không thành vấn đề, tôi có thời gian đi lại 200 ngày và chỉ có nô la để tiêu.",cho tôi biết làm thế nào để đi bali mà không cần máy bay với chi phí thấp nhất thời gian tùy chọn không thành vấn đề tôi có thời gian đi lại hai trăm ngày và chỉ có đô la để chi tiêu,cho tôi biết làm thế nào để đi bali mà không cần máy bay với chi phí thức nhất thời gian tuy chọn không thành vấn đề tôi có thời gian đi lại hai trăm ngày và chỉ có nô la để tiêu,0.090909,0.050360,whisper-small,vi,true,reports/asr/v2/asr_test_predictions.csv
14865,data/audio/dev/3089c19f25f35187dd6f62d97e6ec9d6.wav,xác định mặt trăng cho tôi,xác định mặt chăng cho tôi,xác định mặt trăng cho tôi,xác định mặt chăng cho tôi,0.166667,0.095238,whisper-small,vi,true,reports/asr/v2/asr_test_predictions.csv
14953,data/audio/dev/9e667ab8d45ce37bb13ce4190fa5a605.wav,bởi là gì,Bởi là gì?,bởi là gì,bởi là gì,0.000000,0.000000,whisper-small,vi,true,reports/asr/v2/asr_test_predictions.csv
15462,data/audio/dev/3c439786acfd24d786629ecf5dfb78f1.wav,bạn có thể tweet một lời phàn nàn đến bộ phận dịch vụ khách hàng shopee được không,bạn có thể tuyết một lời phàn nán đến bộ phận dịch vụ khách hàng sopi được không?,bạn có thể tweet một lời phàn nàn đến bộ phận dịch vụ khách hàng shopee được không,bạn có thể tuyết một lời phàn nán đến bộ phận dịch vụ khách hàng sopi được không,0.166667,0.107692,whisper-small,vi,true,reports/asr/v2/asr_test_predictions.csv
15778,data/audio/dev/a53abf9876501384fc25ba3e8561f7e0.wav,gửi email đên cúc nói rằng tôi sẽ đến trễ vui lòng đừng đợi ăn tối,Gửi email đến Cook nói rằng tôi sẽ đến trễ vui lòng đừng đợi ăn tôi.,gửi email đên cúc nói rằng tôi sẽ đến trễ vui lòng đừng đợi ăn tối,gửi email đến cook nói rằng tôi sẽ đến trễ vui lòng đừng đợi ăn tôi,0.187500,0.098039,whisper-small,vi,true,reports/asr/v2/asr_test_predictions.csv
15921,data/audio/dev/3514ed24bf0f0e10526257733416f5d0.wav,alexa thêm nhung a còng hotmail.com như một liên hệ mới của nguyễn hồng nhung,"Alexa, thêm nhung acomhotmail.com như một liên hệ mới của Nguyễn Hồng Nhung.",alexa thêm nhung a còng hotmail com như một liên hệ mới của nguyễn hồng nhung,alexa thêm nhung acomhotmail com như một liên hệ mới của nguyễn hồng nhung,0.187500,0.048387,whisper-small,vi,true,reports/asr/v2/asr_test_predictions.csv
16026,data/audio/dev/6e8a7a5f687d1fbc6d0298e337a14225.wav,tìm kiếm thời hạn của sơn,tình kiếm thời hạng của sơn,tìm kiếm thời hạn của sơn,tình kiếm thời hạng của sơn,0.333333,0.150000,whisper-small,vi,true,reports/asr/v2/asr_test_predictions.csv
16770,data/audio/dev/e299ea23c50dc4806c58d4387d45bbdc.wav,tìm liên hệ,Tìm liên hệ,tìm liên hệ,tìm liên hệ,0.000000,0.000000,whisper-small,vi,true,reports/asr/v2/asr_test_predictions.csv
17018,data/audio/dev/d229c1e1ee0a8a0f11e011de86a1d370.wav,lưu vào danh bạ,Lưu và dành bạc,lưu vào danh bạ,lưu và dành bạc,0.750000,0.250000,whisper-small,vi,true,reports/asr/v2/asr_test_predictions.csv
1928,data/audio/dev/71b11b27c57dac70d15995eac0234b91.wav,phát nhạc,Phát nha!,phát nhạc,phát nha,0.500000,0.250000,whisper-small,vi,true,reports/asr/v2/asr_test_predictions.csv
2112,data/audio/dev/7cfc0b68b5e3405b34c7d95734ff5d90.wav,cho tôi thời gian ở hà nội,cho tôi thời gian ở Hà Nội,cho tôi thời gian ở hà nội,cho tôi thời gian ở hà nội,0.000000,0.000000,whisper-small,vi,true,reports/asr/v2/asr_test_predictions.csv
331,data/audio/dev/b60b21767172c1db12093e9fd48e1119.wav,yên tĩnh hơn,yên tĩnh hơn,yên tĩnh hơn,yên tĩnh hơn,0.000000,0.000000,whisper-small,vi,true,reports/asr/v2/asr_test_predictions.csv
3421,data/audio/dev/b18e14c5f13aa4f03f35ef9df7646713.wav,đó là nhạc gì,Đó là nhạc gì,đó là nhạc gì,đó là nhạc gì,0.000000,0.000000,whisper-small,vi,true,reports/asr/v2/asr_test_predictions.csv
3511,data/audio/dev/5b61096b29012b5ba2fe4c0dea7b3d4f.wav,ban đêm,Bắt đêm,ban đêm,bắt đêm,0.500000,0.333333,whisper-small,vi,true,reports/asr/v2/asr_test_predictions.csv
3705,data/audio/dev/f3fa11ba1ef991625ed33a7f4d7912b3.wav,ngày và giờ hôm nay là gì,Ngày và giờ hôm nay là gì?,ngày và giờ hôm nay là gì,ngày và giờ hôm nay là gì,0.000000,0.000000,whisper-small,vi,true,reports/asr/v2/asr_test_predictions.csv
3744,data/audio/dev/35604bb5d008d326a48e59f6e24fe61d.wav,cho tôi biết giờ,Chào tôi biết rồi!,cho tôi biết giờ,chào tôi biết rồi,0.500000,0.307692,whisper-small,vi,true,reports/asr/v2/asr_test_predictions.csv
4424,data/audio/dev/340b071359fef5ea6f5f5bcbdb989422.wav,tuần này có mưa không,Tần này có mưa không?,tuần này có mưa không,tần này có mưa không,0.200000,0.058824,whisper-small,vi,true,reports/asr/v2/asr_test_predictions.csv
4494,data/audio/dev/6e2e41653563c0dddc0c61c014ca02b6.wav,chuyển đèn của tôi sang màu ngẫu nhiên,chuyển đen của tôi sang màu ngẫu nhiên,chuyển đèn của tôi sang màu ngẫu nhiên,chuyển đen của tôi sang màu ngẫu nhiên,0.125000,0.032258,whisper-small,vi,true,reports/asr/v2/asr_test_predictions.csv
4495,data/audio/dev/720ddbfae5d244d5f860ca4932dfd701.wav,cho tôi những tin tức mới nhất từ tờ tuổi trẻ,cho tôi những tin tức mới nhất từ tờ tuổi trẻ.,cho tôi những tin tức mới nhất từ tờ tuổi trẻ,cho tôi những tin tức mới nhất từ tờ tuổi trẻ,0.000000,0.000000,whisper-small,vi,true,reports/asr/v2/asr_test_predictions.csv
4729,data/audio/dev/569e604d6c83662d17cbaf0403e48db7.wav,thông báo cho tôi những tin tức mới nhất về thị trường chứng khoán,thông báo cho tôi những tính tức mới nhất về thị trường trưng khoán.,thông báo cho tôi những tin tức mới nhất về thị trường chứng khoán,thông báo cho tôi những tính tức mới nhất về thị trường trưng khoán,0.142857,0.094340,whisper-small,vi,true,reports/asr/v2/asr_test_predictions.csv
5236,data/audio/dev/489dedb7474e790cdbfb775138337b9b.wav,phát danh sách nhạc tập thể dục,Phát sinh sách nhạc tập thể dục,phát danh sách nhạc tập thể dục,phát sinh sách nhạc tập thể dục,0.142857,0.080000,whisper-small,vi,true,reports/asr/v2/asr_test_predictions.csv
5546,data/audio/dev/b9419ea246f0e2fbcd682200c6cf16f5.wav,cảm ơn đồng minh vì những bức ảnh,Cảm ơn đồng binh vì những bức ảnh,cảm ơn đồng minh vì những bức ảnh,cảm ơn đồng binh vì những bức ảnh,0.125000,0.038462,whisper-small,vi,true,reports/asr/v2/asr_test_predictions.csv
5989,data/audio/dev/d138df3e4ee1f8cc96e5aabf31593622.wav,tôi muốn một ít cà phê bây giờ,Tôi muốn một ít cà phê bây giờ,tôi muốn một ít cà phê bây giờ,tôi muốn một ít cà phê bây giờ,0.000000,0.000000,whisper-small,vi,true,reports/asr/v2/asr_test_predictions.csv
6198,data/audio/dev/6dcec81b0f5cd42879e70c0cf9e01e75.wav,bạn hiểu tôi như thế nào,bạn hiểu tôi như thế nào,bạn hiểu tôi như thế nào,bạn hiểu tôi như thế nào,0.000000,0.000000,whisper-small,vi,true,reports/asr/v2/asr_test_predictions.csv
6914,data/audio/dev/7fd3006d5ce687f73e0812f39a959f65.wav,đặt cuộc họp đầu tuần vào lịch mỗi thứ hai,đặt cuộc họp đầu tuần vào lịch mỗi thứ 2,đặt cuộc họp đầu tuần vào lịch mỗi thứ hai,đặt cuộc họp đầu tuần vào lịch mỗi thứ hai,0.000000,0.000000,whisper-small,vi,true,reports/asr/v2/asr_test_predictions.csv
6948,data/audio/dev/895dfa6b2aed466c4ecdae180614efc5.wav,tôi có bao nhiêu cuộc họp tuần này,Tôi có bằng niêu của hộp tốt này,tôi có bao nhiêu cuộc họp tuần này,tôi có bằng niêu của hộp tốt này,0.625000,0.407407,whisper-small,vi,true,reports/asr/v2/asr_test_predictions.csv
7052,data/audio/dev/5c494a4d18556d87c4459decf233c9a4.wav,tôi có lịch nào sắp diễn ra vào thứ bảy này lúc hai giờ đến bốn giờ chiều không,Tôi có lịch nào sắp diễn ra vào thứ 7 này lúc 2 giờ đến 4 giờ chiều không?,tôi có lịch nào sắp diễn ra vào thứ bảy này lúc hai giờ đến bốn giờ chiều không,tôi có lịch nào sắp diễn ra vào thứ bảy này lúc hai giờ đến bốn giờ chiều không,0.000000,0.000000,whisper-small,vi,true,reports/asr/v2/asr_test_predictions.csv
7086,data/audio/dev/0e7f082e4025563c8ff3ba7a6af5b185.wav,xóa cuộc họp buổi tối hôm nay,xóa cuộc họp bùi tối hôm nay,xóa cuộc họp buổi tối hôm nay,xóa cuộc họp bùi tối hôm nay,0.142857,0.086957,whisper-small,vi,true,reports/asr/v2/asr_test_predictions.csv
7134,data/audio/dev/64f002be8d833031377563075514cdd8.wav,phải làm gì tiếp theo trong các sự kiện,phải làm gì tiếp theo trong các sự kiện?,phải làm gì tiếp theo trong các sự kiện,phải làm gì tiếp theo trong các sự kiện,0.000000,0.000000,whisper-small,vi,true,reports/asr/v2/asr_test_predictions.csv
7169,data/audio/dev/0c71ce7d05df66ca642e6db730658f74.wav,ly tôi sẽ đến gặp nhà trị liệu vào mỗi thứ năm lúc hai giờ chiều,Li tôi sẽ đến gặp nhà chị liệu vào mỗi thứ 5 lúc 2 giờ chiều.,ly tôi sẽ đến gặp nhà trị liệu vào mỗi thứ năm lúc hai giờ chiều,li tôi sẽ đến gặp nhà chị liệu vào mỗi thứ năm lúc hai giờ chiều,0.125000,0.061224,whisper-small,vi,true,reports/asr/v2/asr_test_predictions.csv
7732,data/audio/dev/44eced6d6e80776fb8109b206f1d34d8.wav,đặt lịch sinh nhật của minh vào mỗi ngày ba tháng sáu,đặt lịch sinh nhật của mình vào mỗi ngày 3 tháng 6.,đặt lịch sinh nhật của minh vào mỗi ngày ba tháng sáu,đặt lịch sinh nhật của mình vào mỗi ngày ba tháng sáu,0.083333,0.023810,whisper-small,vi,true,reports/asr/v2/asr_test_predictions.csv
8282,data/audio/dev/cf0e2055dabd6c28ca9215f9a9456d20.wav,làm ơn xóa hoàn toàn lịch của tôi,Làm ơn xóa hoàn toàn lịch của tôi,làm ơn xóa hoàn toàn lịch của tôi,làm ơn xóa hoàn toàn lịch của tôi,0.000000,0.000000,whisper-small,vi,true,reports/asr/v2/asr_test_predictions.csv
8287,data/audio/dev/6e2950e4a7876fd336de41983d59afa7.wav,vui lòng xóa cuộc họp tôi có với oanh tối nay,Vui đồng xóa cuộc hợp tôi có với anh tối nay,vui lòng xóa cuộc họp tôi có với oanh tối nay,vui đồng xóa cuộc hợp tôi có với anh tối nay,0.272727,0.114286,whisper-small,vi,true,reports/asr/v2/asr_test_predictions.csv
8606,data/audio/dev/66e18cf2f04974cd8f584148224efbe0.wav,tôi muốn gặp hoa vào ngày mai,Tôi muốn gặp hoa vào ngày mai,tôi muốn gặp hoa vào ngày mai,tôi muốn gặp hoa vào ngày mai,0.000000,0.000000,whisper-small,vi,true,reports/asr/v2/asr_test_predictions.csv
8859,data/audio/dev/011c7ae4be35efcf1bb05b4e411ee595.wav,lịch hẹn của tôi vào ngày mười bốn tháng sáu năm hai nghìn không trăm mười bảy là gì,Lịch hệ của tôi vào ngày 14 tháng 6 năm 2017 là gì?,lịch hẹn của tôi vào ngày mười bốn tháng sáu năm hai nghìn không trăm mười bảy là gì,lịch hệ của tôi vào ngày mười bốn tháng sáu năm hai nghìn không trăm mười bảy là gì,0.052632,0.030303,whisper-small,vi,true,reports/asr/v2/asr_test_predictions.csv
8903,data/audio/dev/a0a36866fab6887ef123309ddd221ead.wav,kể về những sự kiện gần đây nhất,Kể về những sự kiện gần đây nhất.,kể về những sự kiện gần đây nhất,kể về những sự kiện gần đây nhất,0.000000,0.000000,whisper-small,vi,true,reports/asr/v2/asr_test_predictions.csv
9256,data/audio/dev/ed1737818d05f485dd164d230de85d85.wav,mở đài phát thanh,Mở đài phát thanh,mở đài phát thanh,mở đài phát thanh,0.000000,0.000000,whisper-small,vi,true,reports/asr/v2/asr_test_predictions.csv
9428,data/audio/dev/bcb6cf4f542e46f9eb83e314f889b7c9.wav,phát trò chơi bóng đà trên đài,Pháp cho chơi bấm đà trên đài,phát trò chơi bóng đà trên đài,pháp cho chơi bấm đà trên đài,0.428571,0.291667,whisper-small,vi,true,reports/asr/v2/asr_test_predictions.csv
9454,data/audio/dev/fc39787c41016843ddf47f8db6d05d46.wav,cho tôi một chút nhạc đài từ đài xone f. m.,cho tôi một chút nhạc từ Đài Sô Nép An,cho tôi một chút nhạc đài từ đài xone f m,cho tôi một chút nhạc từ đài sô nép an,0.363636,0.290323,whisper-small,vi,true,reports/asr/v2/asr_test_predictions.csv
9756,data/audio/dev/dd47b3ffde0298b02a2da162646f9113.wav,tiếp tục phát sách nói của tôi chỗ chúng ta đã ngừng lại gần nhất,Tiếp tục phát danh sách nói của tôi chỗ chúng ta đã gừng lại ngần nhất.,tiếp tục phát sách nói của tôi chỗ chúng ta đã ngừng lại gần nhất,tiếp tục phát danh sách nói của tôi chỗ chúng ta đã gừng lại ngần nhất,0.200000,0.117647,whisper-small,vi,true,reports/asr/v2/asr_test_predictions.csv
9798,data/audio/dev/4df8c0fba392b74c1f2812ca9d4ba506.wav,phát tiếp the last kingdom,Phát tiếp The Last Kingdom,phát tiếp the last kingdom,phát tiếp the last kingdom,0.000000,0.000000,whisper-small,vi,true,reports/asr/v2/asr_test_predictions.csv
